Workbook

Sheet Info
A3: Module | B3: Admin | C3: User | D3: Moderator | E3: Guest | F3: Adopter Admin | G3: Tenant Admin | H3: Automation | I3: Backend | J3: Sanity
A4: Home | B4: =COUNTIF('Home Page'!E:E,"Yes")+COUNTIF('Home Page'!E:E,"No") -> 1 | C4: =COUNTIF('Home Page'!F:F,"Yes")+COUNTIF('Home Page'!F:F,"No") -> 35 | D4: =COUNTIF('Home Page'!G:G,"Yes")+COUNTIF('Home Page'!G:G,"No") -> 1 | E4: =COUNTIF('Home Page'!H:H,"Yes")+COUNTIF('Home Page'!H:H,"No") -> 1 | F4: =COUNTIF('Home Page'!I:I,"Yes")+COUNTIF('Home Page'!I:I,"No") -> 1 | G4: =COUNTIF('Home Page'!J:J,"Yes")+COUNTIF('Home Page'!J:J,"No") -> 1 | H4: =COUNTIF('Home Page'!K:K,"Yes")+COUNTIF('Home Page'!K:K,"No") -> 0 | I4: =COUNTIF('Home Page'!L:L,"Yes")+COUNTIF('Home Page'!L:L,"No") -> 0 | J4: =COUNTIF('Home Page'!N:N,"Yes")+COUNTIF('Home Page'!N:N,"No") -> 0
A5: Auth | B5: =COUNTIF(Auth!E:E,"Yes")+COUNTIF(Auth!E:E,"No") -> 14 | C5: =COUNTIF(Auth!F:F,"Yes")+COUNTIF(Auth!F:F,"No") -> 13 | D5: =COUNTIF(Auth!G:G,"Yes")+COUNTIF(Auth!G:G,"No") -> 13 | E5: =COUNTIF(Auth!H:H,"Yes")+COUNTIF(Auth!H:H,"No") -> 13 | F5: =COUNTIF(Auth!I:I,"Yes")+COUNTIF(Auth!I:I,"No") -> 0 | G5: =COUNTIF(Auth!J:J,"Yes")+COUNTIF(Auth!J:J,"No") -> 0 | H5: =COUNTIF(Auth!K:K,"Yes")+COUNTIF(Auth!K:K,"No") -> 0 | I5: =COUNTIF(Auth!L:L,"Yes")+COUNTIF(Auth!L:L,"No") -> 0 | J5: =COUNTIF(Auth!M:M,"Sanity") -> 7
A6: User Management | B6: =COUNTIF('User Management'!E:E,"Yes")+COUNTIF('User Management'!E:E,"No") -> 1 | C6: =COUNTIF('User Management'!F:F,"Yes")+COUNTIF('User Management'!F:F,"No") -> 15 | D6: =COUNTIF('User Management'!G:G,"Yes")+COUNTIF('User Management'!G:G,"No") -> 1 | E6: =COUNTIF('User Management'!H:H,"Yes")+COUNTIF('User Management'!H:H,"No") -> 1 | F6: =COUNTIF('User Management'!I:I,"Yes")+COUNTIF('User Management'!I:I,"No") -> 0 | G6: =COUNTIF('User Management'!J:J,"Yes")+COUNTIF('User Management'!J:J,"No") -> 0 | H6: =COUNTIF('User Management'!K:K,"Yes")+COUNTIF('User Management'!K:K,"No") -> 0 | I6: =COUNTIF('User Management'!L:L,"Yes")+COUNTIF('User Management'!L:L,"No") -> 0 | J6: =COUNTIF('User Management'!M:M,"Sanity") -> 3
A7: Role Management | B7: =COUNTIF('Role Management'!E:E,"Yes")+COUNTIF('Role Management'!E:E,"No") -> 15 | C7: =COUNTIF('Role Management'!F:F,"Yes")+COUNTIF('Role Management'!F:F,"No") -> 2 | D7: =COUNTIF('Role Management'!G:G,"Yes")+COUNTIF('Role Management'!G:G,"No") -> 2 | E7: =COUNTIF('Role Management'!H:H,"Yes")+COUNTIF('Role Management'!H:H,"No") -> 2 | F7: =COUNTIF('Role Management'!I:I,"Yes")+COUNTIF('Role Management'!I:I,"No") -> 0 | G7: =COUNTIF('Role Management'!J:J,"Yes")+COUNTIF('Role Management'!J:J,"No") -> 0 | H7: =COUNTIF('Role Management'!K:K,"Yes")+COUNTIF('Role Management'!K:K,"No") -> 0 | I7: =COUNTIF('Role Management'!L:L,"Yes")+COUNTIF('Role Management'!L:L,"No") -> 0 | J7: =COUNTIF('Role Management'!M:M,"Sanity") -> 2
A8: API KEY Management | B8: =COUNTIF('API KEY Management'!E:E,"Yes")+COUNTIF('API KEY Management'!E:E,"No") -> 33 | C8: =COUNTIF('API KEY Management'!F:F,"Yes")+COUNTIF('API KEY Management'!F:F,"No") -> 10 | D8: =COUNTIF('API KEY Management'!G:G,"Yes")+COUNTIF('API KEY Management'!G:G,"No") -> 11 | E8: =COUNTIF('API KEY Management'!H:H,"Yes")+COUNTIF('API KEY Management'!H:H,"No") -> 11 | F8: =COUNTIF('API KEY Management'!I:I,"Yes")+COUNTIF('API KEY Management'!I:I,"No") -> 0 | G8: =COUNTIF('API KEY Management'!J:J,"Yes")+COUNTIF('API KEY Management'!J:J,"No") -> 0 | H8: =COUNTIF('API KEY Management'!K:K,"Yes")+COUNTIF('API KEY Management'!K:K,"No") -> 0 | I8: =COUNTIF('API KEY Management'!L:L,"Yes")+COUNTIF('API KEY Management'!L:L,"No") -> 0 | J8: =COUNTIF('API KEY Management'!M:M,"Sanity") -> 9
A9: Model and Service Management | B9: =COUNTIF('Model and Service Management'!E:E,"Yes")+COUNTIF('Model and Service Management'!E:E,"No") -> 184 | C9: =COUNTIF('Model and Service Management'!F:F,"Yes")+COUNTIF('Model and Service Management'!F:F,"No") -> 2 | D9: =COUNTIF('Model and Service Management'!G:G,"Yes")+COUNTIF('Model and Service Management'!G:G,"No") -> 184 | E9: =COUNTIF('Model and Service Management'!H:H,"Yes")+COUNTIF('Model and Service Management'!H:H,"No") -> 2 | F9: =COUNTIF('Model and Service Management'!I:I,"Yes")+COUNTIF('Model and Service Management'!I:I,"No") -> 0 | G9: =COUNTIF('Model and Service Management'!J:J,"Yes")+COUNTIF('Model and Service Management'!J:J,"No") -> 0 | H9: =COUNTIF('Model and Service Management'!K:K,"Yes")+COUNTIF('Model and Service Management'!K:K,"No") -> 0 | I9: =COUNTIF('Model and Service Management'!L:L,"Yes")+COUNTIF('Model and Service Management'!L:L,"No") -> 0 | J9: =COUNTIF('Model and Service Management'!M:M,"Sanity") -> 21
A10: Services | B10: =COUNTIF(Services!E:E,"Yes")+COUNTIF(Services!E:E,"No") -> 34 | C10: =COUNTIF(Services!F:F,"Yes")+COUNTIF(Services!F:F,"No") -> 271 | D10: =COUNTIF(Services!G:G,"Yes")+COUNTIF(Services!G:G,"No") -> 34 | E10: =COUNTIF(Services!H:H,"Yes")+COUNTIF(Services!H:H,"No") -> 34 | F10: =COUNTIF(Services!I:I,"Yes")+COUNTIF(Services!I:I,"No") -> 34 | G10: =COUNTIF(Services!J:J,"Yes")+COUNTIF(Services!J:J,"No") -> 34 | H10: =COUNTIF(Services!K:K,"Yes")+COUNTIF(Services!K:K,"No") -> 0 | I10: =COUNTIF(Services!L:L,"Yes")+COUNTIF(Services!L:L,"No") -> 0 | J10: =COUNTIF(Services!M:M,"Sanity") -> 47
A11: Multi Tenancy | B11: =COUNTIF('Multi Tenancy'!E:E,"Yes") -> 0 | C11: =COUNTIF('Multi Tenancy'!F:F,"Yes") -> 16 | D11: =COUNTIF('Multi Tenancy'!G:G,"Yes") -> 0 | E11: =COUNTIF('Multi Tenancy'!H:H,"Yes") -> 0 | F11: =COUNTIF('Multi Tenancy'!I:I,"Yes") -> 134 | G11: =COUNTIF('Multi Tenancy'!J:J,"Yes") -> 56 | H11: =COUNTIF('Multi Tenancy'!K:K,"Yes") -> 0 | I11: =COUNTIF('Multi Tenancy'!L:L,"Yes") -> 0
A12: Telemetry | B12: =COUNTIF(Telemetry!E:E,"Yes")+COUNTIF(Telemetry!E:E,"No") -> 97 | C12: =COUNTIF(Telemetry!F:F,"Yes") -> 0 | D12: =COUNTIF(Telemetry!G:G,"Yes") -> 97 | E12: =COUNTIF(Telemetry!H:H,"Yes") -> 0 | F12: =COUNTIF(Telemetry!I:I,"Yes") -> 0 | G12: =COUNTIF(Telemetry!J:J,"Yes") -> 0 | H12: =COUNTIF(Telemetry!K:K,"Yes") -> 0 | I12: =COUNTIF(Telemetry!L:L,"Yes") -> 0
A13: Alerting | B13: =COUNTIF(Alerting!E:E,"Yes")+COUNTIF(Alerting!E:E,"No") -> 12 | C13: =COUNTIF(Alerting!F:F,"Yes")+COUNTIF(Alerting!F:F,"No") -> 12 | D13: =COUNTIF(Alerting!G:G,"Yes")+COUNTIF(Alerting!G:G,"No") -> 12 | E13: =COUNTIF(Alerting!H:H,"Yes")+COUNTIF(Alerting!H:H,"No") -> 12 | F13: =COUNTIF(Alerting!I:I,"Yes")+COUNTIF(Alerting!I:I,"No") -> 111 | G13: =COUNTIF(Alerting!J:J,"Yes")+COUNTIF(Alerting!J:J,"No") -> 12 | H13: =COUNTIF(Alerting!K:K,"Yes")+COUNTIF(Alerting!K:K,"No") -> 0 | I13: =COUNTIF(Alerting!L:L,"Yes")+COUNTIF(Alerting!L:L,"No") -> 0 | J13: =COUNTIF(Alerting!M:M,"Yes")+COUNTIF(Alerting!M:M,"Sanity") -> 17
A14: Alerting Data Validation | B14: =COUNTIF('Alerting Data Validation'!Q:Q,"Yes") -> 22 | J14: =COUNTIF('Alerting Data Validation'!S:S,"Sanity") -> 22
A15: TOTAL | B15: =sum(B4:B13) -> 391 | C15: =sum(C4:C13) -> 376 | D15: =sum(D4:D13) -> 355 | E15: =SUM(E4:E13) -> 76 | F15: =(sum(F4:F13)) -> 280 | G15: =sum(G4:G13) -> 103 | J15: =SUM(J4:J14) -> 128
E17: Grand Total | F17: =(sum(B15:G15)) -> 1581

Sheet Home Page
A1: TC_ID | B1: Module | C1: Description | D1: Functionality | E1: Admin | F1: User | G1: Moderator | H1: Guest | I1: Adopter Admin | J1: Tenanat Admin | K1: UI Automation | L1: Backend | M1: Tags | N1: Created/Update on | O1: Ticket ID
A2: TC_Home_01 | B2: Home | C2: Pre login | D2: Verify that when a user who is not logged in accesses https://staging.ai4inclusion.org, they are able to land on the home page | E2: NA | F2: Yes | G2: NA | H2: NA | I2: NA | J2: NA
A3: TC_Home_02 | B3: Home | C3: Pre login | D3: Verify that a user who is not logged in is restricted from accessing services on https://sandbox.ai4inclusion.org, with the exception of the NMT service | E3: NA | F3: Yes | G3: NA | H3: NA | I3: NA | J3: NA
A4: TC_Home_03 | B4: Home | C4: Pre login | D4: Verify that a user who is not logged in can access the NMT service on https://sandbox.ai4inclusion.org up to a maximum of 5 times as an anonymous user, and is restricted from accessing it beyond that limit | E4: NA | F4: Yes | G4: NA | H4: NA | I4: NA | J4: NA
A5: TC_Home_04 | B5: Home | C5: Pre login | D5: Verify that after a user who is not logged in exceeds 5 attempts on the NMT service, an appropriate error message is displayed: "Access denied. Please login to access this service." | E5: NA | F5: Yes | G5: NA | H5: NA | I5: NA | J5: NA
A6: TC_Home_05 | B6: Home | C6: Pre login | D6: Verify that clicking on 'Home' navigates the user to the Home page | E6: NA | F6: Yes | G6: NA | H6: NA | I6: NA | J6: NA
A7: TC_Home_06 | B7: Home | C7: Pre login | D7: Verify that when a user who is not logged in clicks on any other navigation option (e.g. Services from the side menu, Model Management), they are redirected to the Login page | E7: NA | F7: Yes | G7: NA | H7: NA | I7: NA | J7: NA
A8: TC_Home_07 | B8: Home | C8: Pre login | D8: Verify that when a user who is not logged in clicks on the 'Sign In' button, they are redirected to the Login page. | E8: NA | F8: Yes | G8: NA | H8: NA | I8: NA | J8: NA
A9: TC_Home_08 | B9: Home | C9: Post login | D9: Verify that upon successful login, the user is redirected to the Home page | E9: Yes | F9: Yes | G9: Yes | H9: Yes | I9: Yes | J9: Yes
A10: TC_Home_09 | B10: Home | C10: Post login | D10: Verify that the logged-in username is displayed on the top right of the screen after successful login | E10: NA | F10: Yes | G10: NA | H10: NA | I10: NA | J10: NA
D11: Verify that Profile and Sign Out options are present in the hamburger menu after successful login | E11: NA | F11: Yes | G11: NA | H11: NA | I11: NA | J11: NA
D12: Verify that upon successful login, the anonymous NMT service access capability is no longer available to the user | E12: NA | F12: Yes | G12: NA | H12: NA | I12: NA | J12: NA
A13: TC_Home_10 | B13: Home | C13: Post login | D13: Verify that the description on the ASR service card reads: "Convert spoken audio into accurate, readable text in Indic languages." | E13: NA | F13: Yes | G13: NA | H13: NA | I13: NA | J13: NA | N13: 46091 | O13: AI4IDS-774
A14: TC_Home_11 | B14: Home | C14: Post login | D14: Verify that the description on the TTS service card reads: "Generate natural-sounding speech from text in Indic languages." | E14: NA | F14: Yes | G14: NA | H14: NA | I14: NA | J14: NA | N14: 46091 | O14: AI4IDS-774
A15: TC_Home_12 | B15: Home | C15: Post login | D15: Verify that the description on the NMT service card reads: "Translate text instantly across Indic languages." | E15: NA | F15: Yes | G15: NA | H15: NA | I15: NA | J15: NA | N15: 46091 | O15: AI4IDS-774
A16: TC_Home_13 | B16: Home | C16: Post login | D16: Verify that the description on the LLM service card reads: 'Perform contextual translation and language tasks using advanced AI models.' | E16: NA | F16: Yes | G16: NA | H16: NA | I16: NA | J16: NA | N16: 46091 | O16: AI4IDS-774
A17: TC_Home_14 | B17: Home | C17: Post login | D17: Verify that the description on the Speech to Speech Pipeline service card reads: 'Transform spoken input into translated speech output using chained AI models.' | E17: NA | F17: Yes | G17: NA | H17: NA | I17: NA | J17: NA | N17: 46091 | O17: AI4IDS-774
A18: TC_Home_15 | B18: Home | C18: Post login | D18: Verify that the description on the OCR service card reads: 'Extract editable text from images and scanned documents.' | E18: NA | F18: Yes | G18: NA | H18: NA | I18: NA | J18: NA | N18: 46091 | O18: AI4IDS-774
A19: TC_Home_16 | B19: Home | C19: Post login | D19: Verify that the description on the Transliteration service card reads: 'Convert text from one script to another while preserving pronunciation.' | E19: NA | F19: Yes | G19: NA | H19: NA | I19: NA | J19: NA | N19: 46091 | O19: AI4IDS-774
A20: TC_Home_17 | B20: Home | C20: Post login | D20: Verify that the description on the Text Language Detection service card reads: 'Automatically identify the language and script of any text input.' | E20: NA | F20: Yes | G20: NA | H20: NA | I20: NA | J20: NA | N20: 46091 | O20: AI4IDS-774
A21: TC_Home_18 | B21: Home | C21: Post login | D21: Verify that the description on the Speaker Diarization service card reads: 'Separate audio into segments based on who is speaking.' | E21: NA | F21: Yes | G21: NA | H21: NA | I21: NA | J21: NA | N21: 46091 | O21: AI4IDS-774
A22: TC_Home_19 | B22: Home | C22: Post login | D22: Verify that the description on the Language Diarization service card reads: 'Detect language switches in real time within spoken audio.' | E22: NA | F22: Yes | G22: NA | H22: NA | I22: NA | J22: NA | N22: 46091 | O22: AI4IDS-774
A23: TC_Home_20 | B23: Home | C23: Post login | D23: Verify that the description on the Audio Language Detection service card reads: 'Identify the spoken language directly from an audio file.' | E23: NA | F23: Yes | G23: NA | H23: NA | I23: NA | J23: NA | N23: 46091 | O23: AI4IDS-774
A24: TC_Home_21 | B24: Home | C24: Post login | D24: Verify that the description on the NER service card reads: 'Extract key entities like names, locations, and organizations from text.' | E24: NA | F24: Yes | G24: NA | H24: NA | I24: NA | J24: NA | N24: 46091 | O24: AI4IDS-774
... A36: TC_Home_33 | B36: Home | C36: Post login | D36: Check the title on "NER" service page is, "Named Entity Recognition (NER)" | E36: NA | F36: Yes | G36: NA | H36: NA | I36: NA | J36: NA | N36: 46091 | O36: AI4IDS-712

Sheet Auth
A1: TC_ID | B1: Module | C1: Description | D1: Functionality | E1: Admin | F1: User | G1: Moderator | H1: Guest | I1: Adopter Admin | J1: Tenanat Admin | K1: UI Automation | L1: Backend | M1: Tags | N1: Created/Update on | O1: Ticket ID
A2: TC_Auth_01 | B2: Auth | C2: Sign in | D2: Accessibililty to the portal | E2: Yes | F2: Yes | G2: Yes | H2: Yes | N2: 46086
A3: TC_Auth_02 | B3: Auth | C3: Sign in | D3: Login with valid credentials | E3: Yes | F3: Yes | G3: Yes | H3: Yes | M3: Sanity | N3: 46086
A4: TC_Auth_03 | B4: Auth | C4: Sign in | D4: Login with invalid credentials should be restricted with appropriate error message.("Invalid credentials provided. Please log in again.") | E4: Yes | F4: Yes | G4: Yes | H4: Yes | M4: Sanity | N4: 46086
A5: TC_Auth_04 | B5: Auth | C5: Sign in | D5: Login with Oauth login(Google) | E5: Yes | F5: Yes | G5: Yes | H5: Yes | M5: Sanity | N5: 46086
A6: TC_Auth_05 | B6: Auth | C6: Sign in | D6: Verify user can see the password by clicking on the eye icon. | E6: Yes | N6: 46086
A7: TC_Auth_06 | B7: Auth | C7: Sign in | D7: Check the portal remains active for a day, when rember me is unchecked as user logs in. | E7: Yes | F7: Yes | G7: Yes | H7: Yes | N7: 46086
A8: TC_Auth_07 | B8: Auth | C8: Sign in | D8: Check the portal remains active for a 7 days, when rember me is checked as user logs in. | E8: Yes | F8: Yes | G8: Yes | H8: Yes | N8: 46086
A9: TC_Auth_08 | B9: Auth | C9: Sign up | D9: Check user cannot sign up with an existing email. And appropriate error message | E9: Yes | F9: Yes | G9: Yes | H9: Yes | M9: Sanity | N9: 46086
A10: TC_Auth_09 | B10: Auth | C10: Sign up | D10: Check email validation for email field. | E10: Yes | F10: Yes | G10: Yes | H10: Yes | N10: 46086
A11: TC_Auth_10 | B11: Auth | C11: Sign up | D11: Check Password and confirm password cannot be different. And corresponding error message. | E11: Yes | F11: Yes | G11: Yes | H11: Yes | N11: 46086
A12: TC_Auth_11 | B12: Auth | C12: Sign up | D12: Check user can sign up with an unique email. Appropriate success message. | E12: Yes | F12: Yes | G12: Yes | H12: Yes | M12: Sanity | N12: 46086
A13: TC_Auth_12 | B13: Auth | C13: Sign up | D13: Signed up user should be able to login with the provided credentials | E13: Yes | F13: Yes | G13: Yes | H13: Yes | M13: Sanity | N13: 46086
A14: TC_Auth_13 | B14: Auth | C14: Sign up | D14: All newly created users should be assigned with the Role "user" | E14: Yes | F14: Yes | G14: Yes | H14: Yes | M14: Sanity | N14: 46086
A15: TC_Auth_14 | B15: Auth | C15: Signout | D15: Verify user is logged in user is signed out of the portal by clicking on sign out | E15: Yes | F15: Yes | G15: Yes | H15: Yes

Sheet User Management
A1: TC_ID | B1: Module | C1: Description | D1: Functionality | E1: Admin | F1: User | G1: Moderator | H1: Guest | I1: Adopter Admin | J1: Tenanat Admin | K1: UI Automation | L1: Backend | M1: Tags | N1: Created/Update on | O1: Ticket ID
A2: TC_UserMang_01 | B2: User Management | C2: View | D2: Check user can access the profile page. | E2: Yes | F2: Yes | G2: Yes | H2: Yes
A3: TC_UserMang_02 | B3: User Management | C3: View | D3: Check user can view Full name, Username, Email, Phone number, Time zone, Status, Verified and Account created on, under user details. | E3: NA | F3: Yes | G3: NA | H3: NA | N3: 46091 | O3: AI4IDS-719
A4: TC_UserMang_03 | B4: User Management | C4: Edit | D4: User can edit and change the Full nanme | E4: NA | F4: Yes | G4: NA | H4: NA | M4: Sanity
A5: TC_UserMang_04 | B5: User Management | C5: Edit | D5: User can edit and change the Phone number | E5: NA | F5: Yes | G5: NA | H5: NA
A6: TC_UserMang_05 | B6: User Management | C6: Edit | D6: User can edit and change the Timezone | E6: NA | F6: Yes | G6: NA | H6: NA
A7: TC_UserMang_06 | B7: User Management | C7: Edit | D7: User should not be able to edit and change Username | E7: NA | F7: Yes | G7: NA | H7: NA | M7: Sanity
A8: TC_UserMang_07 | B8: User Management | C8: Edit | D8: User should not be able to edit and change email | E8: NA | F8: Yes | G8: NA | H8: NA | M8: Sanity
A9: TC_UserMang_08 | B9: User Management | C9: Edit | D9: User should not be able to edit and change Status | E9: NA | F9: Yes | G9: NA | H9: NA
A10: TC_UserMang_09 | B10: User Management | C10: Edit | D10: User should not be able to edit and change Verified field | E10: NA | F10: Yes | G10: NA | H10: NA
A11: TC_UserMang_10 | B11: User Management | C11: Edit | D11: User should be able to edit and change Account Created on. | E11: NA | F11: Yes | G11: NA | H11: NA | N11: 46091 | O11: AI4IDS-719
A12: TC_UserMang_11 | B12: User Management | C12: Edit | D12: Check place holder is present for all fields | E12: NA | F12: Yes | G12: NA | H12: NA | N12: 46091 | O12: AI4IDS-719
A13: TC_UserMang_12 | B13: User Management | C13: View | D13: While viewing, user should be able to see only the last four digits and country code in the phone number field | E13: NA | F13: Yes | G13: NA | H13: NA | N13: 46091 | O13: AI4IDS-719
A14: TC_UserMang_13 | B14: User Management | C14: Edit | D14: While editing user should be able to see the entire phone number field. | E14: NA | F14: Yes | G14: NA | H14: NA | N14: 46091 | O14: AI4IDS-719
A15: TC_UserMang_14 | B15: User Management | C15: View | D15: Check Account created on field is present and displays the date user was signed up or created | E15: NA | F15: Yes | G15: NA | H15: NA | N15: 46091 | O15: AI4IDS-719
A16: TC_UserMang_15 | B16: User Management | C16: View | D16: User view and edit should not have Language preference fields. | E16: NA | F16: Yes | G16: NA | H16: NA | N16: 46091 | O16: AI4IDS-719
B55: API Key Management | D55: Check filters in the page.
B58: API Key | D58: Select an API key from the list.
B59: API Key | D59: Choosen API key should remain selected, untill a different API key is selected.
B60: API Key | D60: VIew choosen API key
B61: API Key | D61: Copy API key
B76: Multi Tenancy | D76: Create a tenant
D77: View and update a tenant

Sheet Role Management
A1: TC_ID | B1: Module | C1: Description | D1: Functionality | E1: Admin | F1: User | G1: Moderator | H1: Guest | I1: Adopter Admin | J1: Tenanat Admin | K1: UI Automation | L1: Backend | M1: Tags | N1: Created/Update on | O1: Ticket ID
A2: TC_Role_01 | B2: Roles | C2: Role management | D2: Verify user can access the "Roles" section from profiles section. | E2: Yes | F2: No | G2: No | H2: No
A3: TC_Role_02 | B3: Roles | C3: Role management | D3: Check user can be slected to assign roles. | E3: Yes | F3: NA | G3: NA | H3: NA
A4: TC_Role_03 | B4: Roles | C4: Role management | D4: Check all available roles are listed on screen with description, by clicking on "Load Roles" (ADMIN, USER, GUEST, MODERATOR, TENANT ADMIN) | E4: Yes | F4: NA | G4: NA | H4: NA | N4: 46104 | O4: AI4IDS-719, AI4IDS-760
A5: TC_Role_04 | B5: Roles | C5: Role management | D5: When a user is selected current role should reflect on screen. | E5: Yes | F5: NA | G5: NA | H5: NA
A6: TC_Role_05 | B6: Roles | C6: Role management | D6: When a user is selected Select role drop down should appear on screen. | E6: Yes | F6: NA | G6: NA | H6: NA
A7: TC_Role_06 | B7: Roles | C7: Role management | D7: Verify confirmation pop up, with confirm and cancel button appears on screen. Claiming user's permissioins will be altered according to the new role. | E7: Yes | F7: NA | G7: NA | H7: NA | N7: 46091 | O7: AI4IDS-719
A8: TC_Role_07 | B8: Roles | C8: Role management | D8: Verify that clicking Cancel on confirmation pop up, dismisses the pop-up and the user's role remains unchanged | E8: Yes | F8: NA | G8: NA | H8: NA | N8: 46091 | O8: AI4IDS-719
A9: TC_Role_08 | B9: Roles | C9: Role management | D9: Verify that clicking Confirm on the confirmation pop up, updates the user's role successfully. With appropriate error message. | E9: Yes | F9: NA | G9: NA | H9: NA | M9: Sanity | N9: 46091 | O9: AI4IDS-719
A10: TC_Role_09 | B10: Roles | C10: Role management | D10: When a new role is added to an user, old role should get disengaged. | E10: Yes | F10: NA | G10: NA | H10: NA
A11: TC_Role_10 | B11: Roles | C11: Role management | D11: Verify the permissions of the newly assigned role is transfered accordingly, by logging in. | E11: Yes | F11: Yes | G11: Yes | H11: Yes | M11: Sanity
A12: TC_Role_11 | B12: Roles | C12: Role management | D12: A user can have only one role at any given instance. | E12: Yes | F12: NA | G12: NA | H12: NA
A13: TC_Role_12 | B13: Roles | C13: Role management | D13: In User drop down, user list should be in alphabetical order. | E13: Yes | F13: NA | G13: NA | H13: NA | N13: 46091 | O13: AI4IDS-719
A14: TC_Role_13 | B14: Roles | C14: Role management | D14: After selecting a user, clicking on the user drop down should still retain the alphabetical order. | E14: Yes | F14: NA | G14: NA | H14: NA | N14: 46091 | O14: AI4IDS-719
A15: TC_Role_14 | B15: Roles | C15: Role management | D15: Check placeholder in Select role drop down should be, "Select a role to assign to this user." | E15: Yes | F15: NA | G15: NA | H15: NA | N15: 46091 | O15: AI4IDS-719
A16: TC_Role_15 | B16: Roles | C16: Role management | D16: Check Select role drop down is not preselected with any role. | E16: Yes | F16: NA | G16: NA | H16: NA | N16: 46091 | O16: AI4IDS-719

Sheet API KEY Management
A1: TC_ID | B1: Module | C1: Description | D1: Functionality | E1: Admin | F1: User | G1: Moderator | H1: Guest | I1: Adopter Admin | J1: Tenanat Admin | K1: UI Automation | L1: Backend | M1: Tags | N1: Created/Update on | O1: Ticket ID
A2: TC_APIKEY_01 | B2: API KEY Management | C2: API KEY | D2: Verify that the user can access the API Key section from the Profile page | E2: Yes | F2: Yes | G2: Yes | H2: Yes | M2: Sanity
A3: TC_APIKEY_02 | B3: API KEY Management | C3: API KEY | D3: Verify that the user can access the Create API Key page from the Profile page | E3: Yes | F3: No | G3: No | H3: No | M3: Sanity
A4: TC_APIKEY_03 | B4: API KEY Management | C4: API KEY | D4: Verify that the user can access the API Key Management page from the Profile page | E4: Yes | F4: No | G4: No | H4: No | M4: Sanity
A5: TC_APIKEY_04 | B5: API KEY Management | C5: API KEY | D5: Verify that the API Key section lists API keys belonging to the logged-in user | E5: Yes | F5: NA | G5: Yes | H5: Yes
A6: TC_APIKEY_05 | B6: API KEY Management | C6: API KEY | D6: Check only active api keys are shown in the UI | E6: Yes | F6: Yes | G6: Yes | H6: Yes
A7: TC_APIKEY_06 | B7: API KEY Management | C7: API KEY | D7: User should be allowed ot choose a desired api key form the list, with appropriate success message. | E7: Yes | F7: Yes | G7: Yes | H7: Yes
A8: TC_APIKEY_07 | B8: API KEY Management | C8: API KEY | D8: Choosen API Key remains selected until user changes / unselects it. | E8: Yes | F8: Yes | G8: Yes | H8: Yes | M8: Sanity
A9: TC_APIKEY_08 | B9: API KEY Management | C9: API KEY | D9: Check if user can unslect an API key, with appropriate message on screen. And user can remain without an API key. | E9: Yes | F9: Yes | G9: Yes | H9: Yes
A10: TC_APIKEY_09 | B10: API KEY Management | C10: API KEY | D10: User can have only one API KEY selected at the moment | E10: Yes | F10: Yes | G10: Yes | H10: Yes | M10: Sanity
A11: TC_APIKEY_10 | B11: API KEY Management | C11: API KEY | D11: User should be able to see the choosen api key | E11: Yes | F11: Yes | G11: Yes | H11: Yes
A12: TC_APIKEY_11 | B12: API KEY Management | C12: API KEY | D12: User should be able to copy, without appropriate message on screen and paste only the choosen api key. | E12: Yes | F12: Yes | G12: Yes | H12: Yes
A13: TC_APIKEY_12 | B13: API KEY Management | C13: API KEY | D13: Check "Your API Key" is a non editable field. | E13: Yes
A14: TC_APIKEY_13 | B14: API KEY Management | C14: Create API KEY | D14: Ablitiy to choose a user to create an API KEY. | E14: Yes | F14: NA | G14: NA | H14: NA
A15: TC_APIKEY_14 | B15: API KEY Management | C15: Create API KEY | D15: Check load permissions, without choosing a user | E15: Yes | F15: NA | G15: NA | H15: NA
A16: TC_APIKEY_15 | B16: API KEY Management | C16: Create API KEY | D16: Check load permissions, after choosing an user. | E16: Yes | F16: NA | G16: NA | H16: NA
A17: TC_APIKEY_16 | B17: API KEY Management | C17: Create API KEY | D17: API KEY name is mandatory and user needs to provide a name. And appropriate error message. | E17: Yes | F17: NA | G17: NA | H17: NA
A18: TC_APIKEY_17 | B18: API KEY Management | C18: Create API KEY | D18: Expiry Days is manadatory and user cannot create a api key without expiry date.And appropriate error message | E18: Yes | F18: NA | G18: NA | H18: NA
A19: TC_APIKEY_18 | B19: API KEY Management | C19: Create API KEY | D19: Expiry of an API KEY cannot be more than 365 days | E19: Yes | F19: NA | G19: NA | H19: NA
A20: TC_APIKEY_19 | B20: API KEY Management | C20: Create API KEY | D20: Verify API KEY can be created with permissions to only few services | E20: Yes | F20: NA | G20: NA | H20: NA | M20: Sanity
A21: TC_APIKEY_20 | B21: API KEY Management | C21: Create API KEY | D21: Verify API KEY can be created with permissions to all the services | E21: Yes | F21: NA | G21: NA | H21: NA | M21: Sanity
A22: TC_APIKEY_21 | B22: API KEY Management | C22: Create API KEY | D22: Verify API KEY cannot be created without choosing atleast one service permission. | E22: Yes | F22: NA | G22: NA | H22: NA
A23: TC_APIKEY_22 | B23: API KEY Management | C23: API KEY Management | D23: Check API KEY can be filtered by user | E23: Yes | F23: NA | G23: NA | H23: NA
A24: TC_APIKEY_23 | B24: API KEY Management | C24: API KEY Management | D24: Check API KEY can be filtered by permission | E24: Yes | F24: NA | G24: NA | H24: NA
A25: TC_APIKEY_24 | B25: API KEY Management | C25: API KEY Management | D25: Check API KEY can be filtered by Status | E25: Yes | F25: NA | G25: NA | H25: NA
A26: TC_APIKEY_25 | B26: API KEY Management | C26: API KEY Management | D26: Check User, Permission, Status, Created, Expired and Action column has appropriate data. | E26: Yes | F26: NA | G26: NA | H26: NA
A27: TC_APIKEY_26 | B27: API KEY Management | C27: API KEY Management | D27: Check user can view API key details and check details in the API Details card.(View option from action column) | E27: Yes | F27: NA | G27: NA | H27: NA
A28: TC_APIKEY_27 | B28: API KEY Management | C28: API KEY Management | D28: API KEY can be updated | E28: Yes | F28: NA | G28: NA | H28: NA | M28: Sanity
A29: TC_APIKEY_28 | B29: API KEY Management | C29: API KEY Management | D29: Active API KEY can be made Inactive | E29: Yes | F29: NA | G29: NA | H29: NA
A30: TC_APIKEY_29 | B30: API KEY Management | C30: API KEY Management | D30: Inactive API KEY cannot be be made active | E30: Yes | F30: NA | G30: NA | H30: NA | N30: 46104 | O30: AI4IDS-927
A31: TC_APIKEY_30 | B31: API KEY Management | C31: API KEY Management | D31: Remove few existing permissions from an API KEY | E31: Yes | F31: NA | G31: NA | H31: NA
A32: TC_APIKEY_31 | B32: API KEY Management | C32: API KEY Management | D32: Add few more permission to the existing API KEY | E32: Yes | F32: NA | G32: NA | H32: NA
A33: TC_APIKEY_32 | B33: API KEY Management | C33: API KEY Management | D33: Add all permissions to an API KEY | E33: Yes | F33: NA | G33: NA | H33: NA
A34: TC_APIKEY_33 | B34: API KEY Management | C34: API KEY Management | D34: Each API KEY should have atleast one permission, so removing all the permissions should not allow to update. | E34: Yes | F34: NA | G34: NA | H34: NA | M34: Sanity

Sheet Model and Service Management
A1: TC_ID | B1: Module | C1: Description | D1: Functionality | E1: Admin | F1: User | G1: Moderator | H1: Guest | I1: Adopter Admin | J1: Tenanat Admin | K1: UI Automation | L1: Backend | M1: Tags | N1: Created/Update on | O1: Ticket ID | P1: Comments
A2: TC_Model_Service_01 | B2: Model and Service management. | C2: Model management | D2: Verify that the Model Registry tab under Model Management displays the list of available models. | E2: Yes | F2: No | G2: Yes | H2: No | M2: Sanity | N2: 46091 | O2: AI4IDS-774
A3: TC_Model_Service_02 | B3: Model and Service management. | C3: Model management | D3: Check Model Name, Model Version, Version Status, Task Type, Actions colums are present in model registry table. | E3: Yes | F3: NA | G3: Yes | H3: NA | N3: 46091 | O3: AI4IDS-774
A4: TC_Model_Service_03 | B4: Model and Service management. | C4: Model management | D4: Verify that clicking on a specific model in the Model Registry tab redirects the user to the View Model page of the respective model | E4: Yes | F4: NA | G4: Yes | H4: NA
A5: TC_Model_Service_04 | B5: Model and Service management. | C5: Model management | D5: Verify that clicking 'View' from the action column against a specific model in the Model Registry tab redirects the user to the View Model page of the respective model. | E5: Yes | F5: NA | G5: Yes | H5: NA
A6: TC_Model_Service_04 | B6: Model and Service management. | C6: Model management | D6: Verify that only models in ACTIVE state are available for selection during service creation | E6: Yes | F6: NA | G6: Yes | H6: NA | N6: 46106 | O6: AI4IDS-1112
A7: TC_Model_Service_05 | B7: Model and Service management. | C7: View model | D7: Verify that the View Model page displays only the following information: Model ID, Name, Description, Task Type, Status, License, Source, Domain, and Version. | E7: Yes | F7: NA | G7: Yes | H7: NA | N7: 46091 | O7: AI4IDS-774
A8: TC_Model_Service_06 | B8: Model and Service management. | C8: Model management | D8: Create a model (Applicable for all 11 services) | E8: Yes | F8: NA | G8: Yes | H8: NA | M8: Sanity
A9: TC_Model_Service_07 | B9: Model and Service management. | C9: Model management | D9: Naming convention of the model created. | E9: Yes | F9: NA | G9: Yes | H9: NA
A10: TC_Model_Service_08 | B10: Model and Service management. | C10: Model management | D10: Update a model (Applicable for all 11 services) | E10: Yes | F10: NA | G10: Yes | H10: NA
A11: TC_Model_Service_09 | B11: Model and Service management. | C11: Model management | D11: View model (Applicable for all 11 services) | E11: Yes | F11: NA | G11: Yes | H11: NA
A12: TC_Model_Service_10 | B12: Model and Service management. | C12: Model management | D12: Deprecate a model (Applicable for all 11 services) | E12: Yes | F12: NA | G12: Yes | H12: NA
A13: TC_Model_Service_10 | B13: Model and Service management. | C13: Create Model | D13: Verify that a newly created model is in ACTIVE state by default | E13: Yes | F13: NA | G13: Yes | H13: NA | N13: 46106 | O13: AI4IDS-1112
A14: TC_Model_Service_17 | B14: Model and Service management. | C14: Model registry filter | D14: Verify that the Model Registry supports text-based search and that models can be searched by model name | E14: Yes | F14: NA | G14: Yes | H14: NA
A15: TC_Model_Service_18 | B15: Model and Service management. | C15: Model registry filter | D15: Verify that the Model Registry supports text-based search and that models can be searched by Task type | E15: Yes | F15: NA | G15: Yes | H15: NA
A16: TC_Model_Service_19 | B16: Model and Service management. | C16: Model registry filter | D16: Verify that a "No results found" message is displayed when a model name search returns no matching results. | E16: Yes | F16: NA | G16: Yes | H16: NA
A17: TC_Model_Service_20 | B17: Model and Service management. | C17: Model registry filter | D17: Verify that the Model Registry can be filtered by Version Status and that the filtered results display correctly | E17: Yes | F17: NA | G17: Yes | H17: NA | N17: 46104 | O17: AI4IDS-781
A18: TC_Model_Service_21 | B18: Model and Service management. | C18: Model registry filter | D18: Verify that the Model Registry can be filtered by Task Type and that the filtered results display correctly. | E18: Yes | F18: NA | G18: Yes | H18: NA | N18: 46104 | O18: AI4IDS-781
A19: TC_Model_Service_22 | B19: Model and Service management. | C19: Model registry filter | D19: Verify that applying search text together with Version Status filter and Task Type filter returns results that match all three criteria simultaneously. | E19: Yes | F19: NA | G19: Yes | H19: NA | N19: 46104 | O19: AI4IDS-781
A20: TC_Model_Service_23 | B20: Model and Service management. | C20: Model registry filter | D20: Verify that applying search text together with the Version Status filter returns results that match both criteria. | E20: Yes | F20: NA | G20: Yes | H20: NA | N20: 46104 | O20: AI4IDS-781
A21: TC_Model_Service_24 | B21: Model and Service management. | C21: Model registry filter | D21: Verify that applying search text together with the Task Type filter returns results that match both criteria. | E21: Yes | F21: NA | G21: Yes | H21: NA | N21: 46104 | O21: AI4IDS-781
A22: TC_Model_Service_25 | B22: Model and Service management. | C22: Model registry filter | D22: Verify that applying the Version Status filter together with the Task Type filter returns results that match both criteria. | E22: Yes | F22: NA | G22: Yes | H22: NA | N22: 46104 | O22: AI4IDS-781
A23: TC_Model_Service_26 | B23: Model and Service management. | C23: Model registry filter | D23: Verify that the applied search text and selected filters are clearly visible on screen.(all 3) | E23: Yes | F23: NA | G23: Yes | H23: NA | N23: 46104 | O23: AI4IDS-781
A24: TC_Model_Service_27 | B24: Model and Service management. | C24: Model registry filter | D24: Verify that the search text can be cleared independently and that the results update correctly based on the remaining active filters. | E24: Yes | F24: NA | G24: Yes | H24: NA | N24: 46104 | O24: AI4IDS-781
A25: TC_Model_Service_28 | B25: Model and Service management. | C25: Model registry filter | D25: Verify that the Version Status filter can be cleared independently and that the results update correctly based on the remaining active filters. | E25: Yes | F25: NA | G25: Yes | H25: NA | N25: 46104 | O25: AI4IDS-781
A26: TC_Model_Service_29 | B26: Model and Service management. | C26: Model registry filter | D26: Verify that the Task Type filter can be cleared independently and that the results update correctly based on the remaining active filters. | E26: Yes | F26: NA | G26: Yes | H26: NA | N26: 46104 | O26: AI4IDS-781
A27: TC_Model_Service_30 | B27: Model and Service management. | C27: Model registry filter | D27: Verify that all search text and filters can be cleared simultaneously and that the full unfiltered results are restored. | E27: Yes | F27: NA | G27: Yes | H27: NA | N27: 46104 | O27: AI4IDS-781
A28: TC_Model_Service_31 | B28: Model and Service management. | C28: Model registry filter | D28: Verify that pagination is displayed correctly when no search text or filters are applied and results span multiple pages. | E28: Yes | F28: NA | G28: Yes | H28: NA | N28: 46104 | O28: AI4IDS-781
... A41: TC_Model_Service_44 | B41: Model and Service management. | C41: Model registry ordering | D41: Verify that the ordering is maintained after search and filter are applied together on the Model Registry list | E41: Yes | F41: NA | G41: Yes | H41: NA | N41: 46104 | O41: AI4IDS-782
A42: TC_Model_Service_45 | B42: Model and Service management. | C42: Model registry ordering | D42: Verify that models sharing the same created or updated timestamp are secondarily ordered alphabetically by model name | E42: Yes | F42: NA | G42: Yes | H42: NA | N42: 46104 | O42: AI4IDS-782 | P42: Review the case, it cannot happen likely
A43: TC_Model_Service_46 | B43: Model and Service management. | C43: Model deprecate | D43: Verify the confirmation popup appears when the user clicks Deprecate from the Action column of the Model Registry page. | E43: Yes | F43: NA | G43: Yes | H43: NA | N43: 46104 | O43: AI4IDS-741, AI4IDS-774
A44: TC_Model_Service_47 | B44: Model and Service management. | C44: Model deprecate | D44: Verify the popup displays the correct model name and it displays the message "Deprecated models cannot be used for new services." | E44: Yes | F44: NA | G44: Yes | H44: NA | N44: 46104 | O44: AI4IDS-741, AI4IDS-774
A45: TC_Model_Service_48 | B45: Model and Service management. | C45: Model deprecate | D45: Verify the model is deprecated successfully upon clicking Confirm and the model no longer appears as available to create a service. | E45: Yes | F45: NA | G45: Yes | H45: NA | M45: Sanity | N45: 46104 | O45: AI4IDS-741, AI4IDS-774, AI4IDS-1112
A46: TC_Model_Service_49 | B46: Model and Service management. | C46: Model deprecate | D46: Verify the model remains active upon clicking Cancel on the Deprecate confirmation popup. | E46: Yes | F46: NA | G46: Yes | H46: NA | N46: 46104 | O46: AI4IDS-741, AI4IDS-774
A47: TC_Model_Service_50 | B47: Model and Service management. | C47: Model deprecate | D47: Verify the Deprecate confirmation popup closes when clicking outside of the popup. | E47: Yes | F47: NA | G47: Yes | H47: NA | N47: 46104 | O47: AI4IDS-741, AI4IDS-774
A48: TC_Model_Service_50 | B48: Model and Service management. | C48: Model deprecate | D48: Verify that an Admin cannot DEPRECATE a model that has published services associated with it | E48: Yes | F48: NA | G48: Yes | H48: NA | N48: 46106 | O48: AI4IDS-1112
A49: TC_Model_Service_50 | B49: Model and Service management. | C49: Model deprecate | D49: Verify that a model is available to deprecate when all services associated with it are UNPUBLISHED | E49: Yes | F49: NA | G49: Yes | H49: NA | N49: 46106 | O49: AI4IDS-1112
A50: TC_Model_Service_51 | B50: Model and Service management. | C50: Model activate | D50: Verify the confirmation popup appears when the user clicks Activate from the Action column of the Model Registry page. | E50: Yes | F50: NA | G50: Yes | H50: NA | N50: 46104 | O50: AI4IDS-741, AI4IDS-774
A51: TC_Model_Service_52 | B51: Model and Service management. | C51: Model activate | D51: Verify the popup displays the correct model name and it displays the message "The model will be available for services again." | E51: Yes | F51: NA | G51: Yes | H51: NA | N51: 46104 | O51: AI4IDS-741, AI4IDS-774
A52: TC_Model_Service_53 | B52: Model and Service management. | C52: Model activate | D52: Verify the model is activated successfully upon clicking Confirm and the model is available for new services after activation. | E52: Yes | F52: NA | G52: Yes | H52: NA | M52: Sanity | N52: 46104 | O52: AI4IDS-741, AI4IDS-774, AI4IDS-1112
A53: TC_Model_Service_54 | B53: Model and Service management. | C53: Model activate | D53: Verify the model remains deprecated upon clicking Cancel on the Activate confirmation popup. | E53: Yes | F53: NA | G53: Yes | H53: NA | N53: 46104 | O53: AI4IDS-741, AI4IDS-774
A54: TC_Model_Service_55 | B54: Model and Service management. | C54: Model activate | D54: Verify the Activate confirmation popup closes when clicking outside of the popup. | E54: Yes | F54: NA | G54: Yes | H54: NA | N54: 46104 | O54: AI4IDS-741, AI4IDS-774
A55: TC_Model_Service_56 | B55: Model and Service management. | C55: View model | D55: Verify that when a user clicks on 'Deprecate a Model', a confirmation pop-up appears with 'Confirm' and 'Cancel' options." | E55: Yes | F55: NA | G55: Yes | H55: NA | N55: 46091 | O55: AI4IDS-774
A56: TC_Model_Service_57 | B56: Model and Service management. | C56: View model | D56: Verify that when a user clicks 'Cancel' on the deprecate confirmation pop-up, the model is not deprecated and retains its existing status | E56: Yes | F56: NA | G56: Yes | H56: NA | N56: 46091 | O56: AI4IDS-774
A57: TC_Model_Service_58 | B57: Model and Service management. | C57: View model | D57: Verify that when a user clicks 'Confirm' on the deprecate confirmation pop-up, the model is successfully deprecated and an appropriate success message is displayed. | E57: Yes | F57: NA | G57: Yes | H57: NA | M57: Sanity | N57: 46091 | O57: AI4IDS-774
A58: TC_Model_Service_59 | B58: Model and Service management. | C58: View model | D58: Verify that when a user clicks on 'Activate Model', a confirmation pop-up appears with 'Confirm' and 'Cancel' options | E58: Yes | F58: NA | G58: Yes | H58: NA | N58: 46091 | O58: AI4IDS-774
A59: TC_Model_Service_60 | B59: Model and Service management. | C59: View model | D59: Verify that when a user clicks 'Cancel' on the activate confirmation pop-up, the model is not activated and retains its existing status | E59: Yes | F59: NA | G59: Yes | H59: NA | N59: 46091 | O59: AI4IDS-774
A60: TC_Model_Service_61 | B60: Model and Service management. | C60: View model | D60: Verify that when a user clicks 'Confirm' on the activate confirmation pop-up, the model is successfully activated and an appropriate success message is displayed | E60: Yes | F60: NA | G60: Yes | H60: NA | M60: Sanity | N60: 46091 | O60: AI4IDS-774
A61: TC_Model_Service_62 | B61: Model and Service management. | C61: Model registry pagination | D61: Verify that the default page size is set to 25 rows per page on the Model Management page | E61: Yes | F61: NA | G61: Yes | H61: NA | M61: Sanity | N61: 46098 | O61: AI4IDS-881
A62: TC_Model_Service_63 | B62: Model and Service management. | C62: Model registry pagination | D62: Verify that the user can change the page size to 10, 25, 50 or 100 rows per page | E62: Yes | F62: NA | G62: Yes | H62: NA | N62: 46098 | O62: AI4IDS-881
A63: TC_Model_Service_64 | B63: Model and Service management. | C63: Model registry pagination | E63: Yes | F63: NA | G63: Yes | H63: NA | N63: 46098 | O63: AI4IDS-881
A64: TC_Model_Service_65 | B64: Model and Service management. | C64: Model registry pagination | D64: Verify that the first page loads by default on entering the Model Management page | E64: Yes | F64: NA | G64: Yes | H64: NA | N64: 46098 | O64: AI4IDS-881
A65: TC_Model_Service_66 | B65: Model and Service management. | C65: Model registry pagination | D65: Verify that the first page loads by default on page reload | E65: Yes | F65: NA | G65: Yes | H65: NA | N65: 46098 | O65: AI4IDS-881
A66: TC_Model_Service_67 | B66: Model and Service management. | C66: Model registry pagination | D66: Verify that the total number of records and current page indicator are displayed (e.g. "1–25 of 200") | E66: Yes | F66: NA | G66: Yes | H66: NA | N66: 46098 | O66: AI4IDS-881
A67: TC_Model_Service_68 | B67: Model and Service management. | C67: Model registry pagination | D67: Verify that the first page loads by default on entering the Model Management page. | E67: Yes | F67: NA | G67: Yes | H67: NA | N67: 46098 | O67: AI4IDS-881
A68: TC_Model_Service_69 | B68: Model and Service management. | C68: Model registry pagination | D68: Verify that the user can navigate to the next page using the next button | E68: Yes | F68: NA | G68: Yes | H68: NA | M68: Sanity | N68: 46098 | O68: AI4IDS-881
A69: TC_Model_Service_70 | B69: Model and Service management. | C69: Model registry pagination | D69: Verify that the user can navigate to the previous page using the previous button | E69: Yes | F69: NA | G69: Yes | H69: NA | M69: Sanity | N69: 46098 | O69: AI4IDS-881
A70: TC_Model_Service_71 | B70: Model and Service management. | C70: Model registry pagination | D70: Verify that the user can navigate to the first page using the first page button | E70: Yes | F70: NA | G70: Yes | H70: NA | N70: 46098 | O70: AI4IDS-881
A71: TC_Model_Service_72 | B71: Model and Service management. | C71: Model registry pagination | D71: Verify that the user can navigate to the last page using the last page button | E71: Yes | F71: NA | G71: Yes | H71: NA | N71: 46098 | O71: AI4IDS-881
A72: TC_Model_Service_73 | B72: Model and Service management. | C72: Model registry pagination | D72: Verify that the previous/first page buttons are disabled on the first page | E72: Yes | F72: NA | G72: Yes | H72: NA | N72: 46098 | O72: AI4IDS-881
A73: TC_Model_Service_74 | B73: Model and Service management. | C73: Model registry pagination | D73: Verify that the next/last page buttons are disabled on the last page | E73: Yes | F73: NA | G73: Yes | H73: NA | N73: 46098 | O73: AI4IDS-881
A74: TC_Model_Service_75 | B74: Model and Service management. | C74: Model registry pagination | D74: Verify that pagination displays correctly when total records are less than the default page size (25) | E74: Yes | F74: NA | G74: Yes | H74: NA | N74: 46098 | O74: AI4IDS-881
A75: TC_Model_Service_76 | B75: Model and Service management. | C75: Model registry pagination | D75: Verify that the correct number of rows are displayed as per the selected page size (if 10 choosen only 10 records should be shown on screen.) | E75: Yes | F75: NA | G75: Yes | H75: NA | N75: 46098 | O75: AI4IDS-881
A76: TC_Model_Service_77 | B76: Model and Service management. | C76: Service registry | D76: Verify that the Service Registry tab under Service Management displays the list of available services. | E76: Yes | F76: No | G76: Yes | H76: No | M76: Sanity | N76: 46091 | O76: AI4IDS-717
A77: TC_Model_Service_78 | B77: Model and Service management. | C77: Service registry | D77: Check Service Name, Task Type, Status, Actions colums are present in service registry table. | E77: Yes | F77: NA | G77: Yes | H77: NA | N77: 46092 | O77: AI4IDS-717
A78: TC_Model_Service_79 | B78: Model and Service management. | C78: Service registry | D78: Verify that clicking on a specific service in the service registry tab redirects the user to the View service page of the respective service. | E78: Yes | F78: NA | G78: Yes | H78: NA | N78: 46092 | O78: AI4IDS-717
A79: TC_Model_Service_80 | B79: Model and Service management. | C79: Service registry | D79: Verify that clicking 'View' from the action column against a specific service in the Service Registry tab redirects the user to the View Service page of the respective service. | E79: Yes | F79: NA | G79: Yes | H79: NA | N79: 46092 | O79: AI4IDS-717
A80: TC_Model_Service_81 | B80: Model and Service management. | C80: View Services | D80: Check "View service" page, has only the following feilds. "Service ID", "Name", "Description", "Task Type", "Stauts", "Model ID", "Endpoint", "Hardware Description", "Published on", "UUID" | E80: Yes | F80: NA | G80: Yes | H80: NA | N80: 46092 | O80: AI4IDS-717
A81: TC_Model_Service_94 | B81: Model and Service management. | C81: Service registry filter | D81: Verify that the search input is available and functional in the Service Registry | E81: Yes | F81: NA | G81: Yes | H81: NA | N81: 46104 | O81: AI4IDS-785
A82: TC_Model_Service_95 | B82: Model and Service management. | C82: Service registry filter | D82: Verify that the Service Registry can be searched by Name | E82: Yes | F82: NA | G82: Yes | H82: NA | N82: 46104 | O82: AI4IDS-785
A83: TC_Model_Service_96 | B83: Model and Service management. | C83: Service registry filter | D83: Verify that the Service Registry can be searched by Task Type | E83: Yes | F83: NA | G83: Yes | H83: NA | N83: 46104 | O83: AI4IDS-785
A84: TC_Model_Service_97 | B84: Model and Service management. | C84: Service registry filter | D84: Verify that the search results update dynamically as the user types in the Service Registry | E84: Yes | F84: NA | G84: Yes | H84: NA | N84: 46104 | O84: AI4IDS-785
A85: TC_Model_Service_98 | B85: Model and Service management. | C85: Service registry filter | D85: Verify that a clear "No results found" message is displayed when no search results match in the Service Registry | E85: Yes | F85: NA | G85: Yes | H85: NA | N85: 46104 | O85: AI4IDS-785
A86: TC_Model_Service_99 | B86: Model and Service management. | C86: Service registry filter | D86: Verify that the Service Registry can be filtered by Status and that the filtered results display correctly | E86: Yes | F86: NA | G86: Yes | H86: NA | N86: 46104 | O86: AI4IDS-785
A87: TC_Model_Service_100 | B87: Model and Service management. | C87: Service registry filter | D87: Verify that the Service Registry can be filtered by Task Type and that the filtered results display correctly | E87: Yes | F87: NA | G87: Yes | H87: NA | N87: 46104 | O87: AI4IDS-785
A88: TC_Model_Service_101 | B88: Model and Service management. | C88: Service registry filter | D88: Verify that the applied search text and selected filters are clearly visible on screen in the Service Registry | E88: Yes | F88: NA | G88: Yes | H88: NA | N88: 46104 | O88: AI4IDS-785
... A111: TC_Model_Service_124 | B111: Model and Service management. | C111: Service registry order | D111: Verify that the ordering is maintained after search and filter are applied together on the Service Registry list | E111: Yes | F111: NA | G111: Yes | H111: NA | N111: 46104 | O111: AI4IDS-786
A112: TC_Model_Service_125 | B112: Model and Service management. | C112: Service registry order | D112: Verify that services sharing the same created or updated timestamp are secondarily ordered alphabetically by service name | E112: Yes | F112: NA | G112: Yes | H112: NA | N112: 46104 | O112: AI4IDS-786 | P112: Review the case, it cannot happen likely
A113: TC_Model_Service_126 | B113: Model and Service management. | C113: Service registry Pagination | D113: Verify that the default page size is set to 25 rows per page on the Service Management page | E113: Yes | F113: NA | G113: Yes | H113: NA | M113: Sanity | N113: 46098 | O113: AI4IDS-881
A114: TC_Model_Service_127 | B114: Model and Service management. | C114: Service registry Pagination | D114: Verify that the user can change the page size to 10, 25, 50 or 100 rows per page on the Service Management page | E114: Yes | F114: NA | G114: Yes | H114: NA | N114: 46098 | O114: AI4IDS-881
A115: TC_Model_Service_129 | B115: Model and Service management. | C115: Service registry Pagination | D115: Verify that the first page loads by default on entering the Service Management page | E115: Yes | F115: NA | G115: Yes | H115: NA | N115: 46098 | O115: AI4IDS-881
A116: TC_Model_Service_130 | B116: Model and Service management. | C116: Service registry Pagination | D116: Verify that the first page loads by default on page reload on the Service Management page | E116: Yes | F116: NA | G116: Yes | H116: NA | N116: 46098 | O116: AI4IDS-881
A117: TC_Model_Service_131 | B117: Model and Service management. | C117: Service registry Pagination | D117: Verify that the total number of records and current page indicator are displayed on the Service Management page (e.g. "1–25 of 200") | E117: Yes | F117: NA | G117: Yes | H117: NA | N117: 46098 | O117: AI4IDS-881
A118: TC_Model_Service_133 | B118: Model and Service management. | C118: Service registry Pagination | D118: Verify that the user can navigate to the next page using the next button on the Service Management page | E118: Yes | F118: NA | G118: Yes | H118: NA | M118: Sanity | N118: 46098 | O118: AI4IDS-881
A119: TC_Model_Service_134 | B119: Model and Service management. | C119: Service registry Pagination | D119: Verify that the user can navigate to the previous page using the previous button on the Service Management page | E119: Yes | F119: NA | G119: Yes | H119: NA | M119: Sanity | N119: 46098 | O119: AI4IDS-881
A120: TC_Model_Service_135 | B120: Model and Service management. | C120: Service registry Pagination | D120: Verify that the user can navigate to the first page using the first page button on the Service Management page | E120: Yes | F120: NA | G120: Yes | H120: NA | N120: 46098 | O120: AI4IDS-881
A121: TC_Model_Service_136 | B121: Model and Service management. | C121: Service registry Pagination | D121: Verify that the user can navigate to the last page using the last page button on the Service Management page | E121: Yes | F121: NA | G121: Yes | H121: NA | N121: 46098 | O121: AI4IDS-881
A122: TC_Model_Service_137 | B122: Model and Service management. | C122: Service registry Pagination | D122: Verify that the previous and first page buttons are disabled on the first page on the Service Management page | E122: Yes | F122: NA | G122: Yes | H122: NA | N122: 46098 | O122: AI4IDS-881
A123: TC_Model_Service_138 | B123: Model and Service management. | C123: Service registry Pagination | D123: Verify that the next and last page buttons are disabled on the last page on the Service Management page | E123: Yes | F123: NA | G123: Yes | H123: NA | N123: 46098 | O123: AI4IDS-881
A124: TC_Model_Service_139 | B124: Model and Service management. | C124: Service registry Pagination | D124: Verify that pagination displays correctly when total records are less than the default page size on the Service Management page | E124: Yes | F124: NA | G124: Yes | H124: NA | N124: 46098 | O124: AI4IDS-881
A125: TC_Model_Service_140 | B125: Model and Service management. | C125: Service registry Pagination | D125: Verify that the correct number of rows are displayed as per the selected page size on the Service Management page (e.g. if 10 is chosen, only 10 records should be shown on screen) | E125: Yes | F125: NA | G125: Yes | H125: NA | N125: 46098 | O125: AI4IDS-881
A126: TC_Model_Service_141 | B126: Model and Service management. | C126: Create Service | D126: Create a service to a model (Applicable for all 11 services) | E126: Yes | F126: NA | G126: Yes | H126: NA | M126: Sanity
A127: TC_Model_Service_142 | B127: Model and Service management. | C127: Create Service | D127: Create multiple servies with various versions to the same model (5 max) | E127: Yes | F127: NA | G127: Yes | H127: NA
A128: TC_Model_Service_143 | B128: Model and Service management. | C128: Create Service | D128: Verify that the Create Service page displays the Service Name, Service Description, Model Name, and Endpoint fields. | E128: Yes | F128: NA | G128: Yes | H128: NA | N128: 46104 | O128: AI4IDS-886
A129: TC_Model_Service_144 | B129: Model and Service management. | C129: Create Service | D129: Verify that the Service Name field displays the placeholder text "Enter service name e.g. asr-conformer-gpu" | E129: Yes | F129: NA | G129: Yes | H129: NA | N129: 46104 | O129: AI4IDS-886
A130: TC_Model_Service_145 | B130: Model and Service management. | C130: Create Service | D130: Verify that the Service Description field displays the placeholder text "Provide a brief description of what this service does | E130: Yes | F130: NA | G130: Yes | H130: NA | N130: 46104 | O130: AI4IDS-886
A131: TC_Model_Service_146 | B131: Model and Service management. | C131: Create Service | D131: Verify that the Model Name field displays the placeholder text "Select the model to be associated with this service | E131: Yes | F131: NA | G131: Yes | H131: NA | N131: 46104 | O131: AI4IDS-886
A132: TC_Model_Service_147 | B132: Model and Service management. | C132: Create Service | D132: Verify that all mandatory fields are visually marked with a required field indicator (e.g. asterisk *) on page load. | E132: Yes | F132: NA | G132: Yes | H132: NA | N132: 46104 | O132: AI4IDS-886
A133: TC_Model_Service_148 | B133: Model and Service management. | C133: Create Service | D133: Verify that the Create Service button remains visually disabled (greyed out and non-clickable) until all mandatory fields are filled. | E133: Yes | F133: NA | G133: Yes | H133: NA | N133: 46104 | O133: AI4IDS-886
A134: TC_Model_Service_149 | B134: Model and Service management. | C134: Create Service | D134: Verify that clicking the Reset button clears all entries across all fields on the Create Service page. | E134: Yes | F134: NA | G134: Yes | H134: NA | N134: 46104 | O134: AI4IDS-886
...

Sheet Multi Tenancy
A1: TC_ID | B1: Module | C1: Description | D1: Functionality | E1: Admin | F1: User | G1: Moderator | H1: Guest | I1: Adopter Admin | J1: Tenanat Admin | K1: UI Automation | L1: Backend | M1: Tags | N1: Created/Update on | O1: Ticket ID
A2: TC_MT_01 | B2: Multi Tenancy | C2: Multi tenant management | D2: Verify Adopter admin can access Multi Tenant Management page. And have an access to create new tenant. | E2: No | F2: No | G2: No | H2: No | I2: Yes | J2: No
A3: TC_MT_02 | B3: Multi Tenancy | C3: Create Tenant | D3: Verify that an authenticated adopter Admin can successfully create a tenant by providing all mandatory fields. | E3: NA | F3: NA | G3: NA | H3: NA | I3: Yes | J3: NA | M3: Sanity
A4: TC_MT_03 | B4: Multi Tenancy | C4: Create Tenant | D4: Verify that registration fails when attempting to create a tenant with an email that already exists in the system. | E4: NA | F4: NA | G4: NA | H4: NA | I4: Yes | J4: NA
A5: TC_MT_04 | B5: Multi Tenancy | C5: Create Tenant | D5: Verify that a tenant can be created with a subscription to one or more services offered by the adopter | E5: NA | F5: NA | G5: NA | H5: NA | I5: Yes | J5: NA
A6: TC_MT_05 | B6: Multi Tenancy | C6: Create Tenant | D6: Verify that a tenant can be created with subscriptions to all services offered by the adopter. | E6: NA | F6: NA | G6: NA | H6: NA | I6: Yes | J6: NA
A7: TC_MT_06 | B7: Multi Tenancy | C7: Create Tenant | D7: Verify that tenant creation fails when no service is selected, and an appropriate error message is displayed. | E7: NA | F7: NA | G7: NA | H7: NA | I7: Yes | J7: NA
A8: TC_MT_07 | B8: Multi Tenancy | C8: Create Tenant | D8: Verify that the list of available services shown during tenant creation contains only the services that the adopter has subscribed to, and does not include any services outside the adopter's catalog. | E8: NA | F8: NA | G8: NA | H8: NA | I8: Yes | J8: NA
A9: TC_MT_08 | B9: Multi Tenancy | C9: Create Tenant Email | D9: Verify that upon tenant creation, the verification email is automatically sent to the Tenant Admin without requiring any manual action from the Adopter Admin. | E9: NA | F9: NA | G9: NA | H9: NA | I9: Yes | J9: NA | M9: Sanity | N9: 46106 | O9: AI4IDS-761
A10: TC_MT_09 | B10: Multi Tenancy | C10: Create Tenant | D10: Verify that a newly created tenant has status PENDING before the email verification step is completed. | E10: NA | F10: NA | G10: NA | H10: NA | I10: Yes | J10: NA | N10: 46106 | O10: AI4IDS-1112
A11: TC_MT_10 | B11: Multi Tenancy | C11: Create Tenant | D11: Verify that the credentials generated upon tenant creation carry the TENANT_ADMIN role. | E11: NA | F11: NA | G11: NA | H11: NA | I11: Yes | J11: NA | O11: AI4IDS-656
A12: TC_MT_11 | B12: Multi Tenancy | C12: Create Tenant Email | D12: Verify that an Adopter Admin can send verification emails to a newly created Tenant Admin whose verification email sent during registration has expired, and that each resend attempt delivers a new verification email to the registered email address. | E12: NA | F12: NA | G12: NA | H12: NA | I12: Yes | J12: NA | N12: 46106 | O12: AI4IDS-761
A13: TC_MT_12 | B13: Multi Tenancy | C13: Create Tenant Email | D13: Verify that each resend attempt by an Adopter Admin returns an appropriate success message on screen. | E13: NA | F13: NA | G13: NA | H13: NA | I13: Yes | J13: NA | N13: 46106 | O13: AI4IDS-761
A14: TC_MT_13 | B14: Multi Tenancy | C14: Create Tenant Email | D14: Verify that the option to resend the verification email becomes available only after the initial or previous verification link has expired. | E14: NA | F14: NA | G14: NA | H14: NA | I14: Yes | J14: NA | N14: 46106 | O14: AI4IDS-761
A15: TC_MT_14 | B15: Multi Tenancy | C15: Create Tenant Email | D15: Verify that the system does not allow more than one active verification link to exist at the same time for a given Tenant Admin. | E15: NA | F15: NA | G15: NA | H15: NA | I15: Yes | J15: NA | N15: 46106 | O15: AI4IDS-761
A16: TC_MT_15 | B16: Multi Tenancy | C16: Create Tenant Email | D16: Verify that the verification email sent to the Tenant Admin contains the message: "To receive the verification email again, please coordinate with the Platform Admin, mention the Tenant ID, and request re-initiation of the email verification process." | E16: NA | F16: NA | G16: NA | H16: NA | I16: Yes | J16: NA | N16: 46106 | O16: AI4IDS-761
A17: TC_MT_16 | B17: Multi Tenancy | C17: Multi tenant management | D17: Verify that the Adopter Admin can configure the expiry duration of the verification email sent to a newly created Tenant Admin. | E17: NA | F17: NA | G17: NA | H17: NA | I17: Yes | J17: NA | N17: 46106 | O17: AI4IDS-761
A18: TC_MT_17 | B18: Multi Tenancy | C18: Create Tenant Email | D18: Verify that the verification email sent to a newly created Tenant Admin becomes invalid after the expiry duration configured by the Adopter Admin. | E18: NA | F18: NA | G18: NA | H18: NA | I18: Yes | J18: NA | N18: 46106 | O18: AI4IDS-761
A19: TC_MT_18 | B19: Multi Tenancy | C19: Create Tenant Email | D19: Verify that subsequent verification emails resent by the Adopter Admin also expire after the configured expiry duration. | E19: NA | F19: NA | G19: NA | H19: NA | I19: Yes | J19: NA | N19: 46106 | O19: AI4IDS-761
A20: TC_MT_14 | B20: Multi Tenancy | C20: Create Tenant | D20: Verify that only the most recently sent verification email successfully activates the Tenant Admin account. | E20: NA | F20: NA | G20: NA | H20: NA | I20: Yes | J20: NA
A21: TC_MT_15 | B21: Multi Tenancy | C21: Create Tenant | D21: Verify that all previously sent verification emails are invalidated upon resend, and attempting to use them returns an appropriate error message. | E21: NA | F21: NA | G21: NA | H21: NA | I21: Yes | J21: NA
A22: TC_MT_16 | B22: Multi Tenancy | C22: Create Tenant | D22: Verify that a verification email link becomes invalid after 15 minutes from the time it was sent. | E22: NA | F22: NA | G22: NA | H22: NA | I22: Yes | J22: NA
A23: TC_MT_17 | B23: Multi Tenancy | C23: Create Tenant | D23: Verify that attempting to use an expired verification email link displays an appropriate expiry message on the screen. | E23: NA | F23: NA | G23: NA | H23: NA | I23: Yes | J23: NA
A24: TC_MT_18 | B24: Multi Tenancy | C24: Create Tenant | D24: Verify that the tenant status is updated to ACTIVE once the Tenant Admin successfully verifies their email. | E24: NA | F24: NA | G24: NA | H24: NA | I24: Yes | J24: NA | M24: Sanity | N24: 46106 | O24: AI4IDS-1112
A25: TC_MT_19 | B25: Multi Tenancy | C25: Create Tenant | D25: Verify that attempting to send a verification email to an already active Tenant Admin returns an appropriate error message. | E25: NA | F25: NA | G25: NA | H25: NA | I25: Yes | J25: NA
A26: TC_MT_20 | B26: Multi Tenancy | C26: Create Tenant | D26: Verify that once the email is verified, the newly activated Tenant Admin receives an email containing their login password. | E26: NA | F26: NA | G26: NA | H26: NA | I26: Yes | J26: NA
A27: TC_MT_21 | B27: Multi Tenancy | C27: Create Tenant | D27: Verify that the newly activated Tenant Admin can successfully log in using the password received in the email, until the password is changed by the user. | E27: NA | F27: NA | G27: NA | H27: NA | I27: Yes | J27: NA
A28: TC_MT_22 | B28: Multi Tenancy | C28: View Tenant | D28: Verify that the Multi Tenant Management page displays all the tenants that exist in the system. | E28: NA | F28: NA | G28: NA | H28: NA | I28: Yes | J28: NA
A29: TC_MT_23 | B29: Multi Tenancy | C29: View Tenant | D29: Verify that clicking on a tenant in the Multi Tenant Management page navigates the user to the respective tenant's view page. | E29: NA | F29: NA | G29: NA | H29: NA | I29: Yes | J29: NA
A30: TC_MT_24 | B30: Multi Tenancy | C30: View Tenant | D30: Verify that clicking the View button from the Action column in the Multi Tenant Management page navigates the user to the respective tenant's view page. | E30: NA | F30: NA | G30: NA | H30: NA | I30: Yes | J30: NA
A31: TC_MT_25 | B31: Multi Tenancy | C31: View Tenant | D31: Verify that the tenant view page displays all the relevant tenant details including Organization Name, Tenant ID, Contact Email, Domain, Created Date, Last Updated Date, and all subscribed services with their respective status (ENABLED/DISABLED) under the Services Summary section. | E31: NA | F31: NA | G31: NA | H31: NA | I31: Yes | J31: NA
A32: TC_MT_26 | B32: Multi Tenancy | C32: View Tenant | D32: Verify that the tenant view page displays the correct tenant status(ACTIVE/SUSPENDED/INACTIVE) | E32: NA | F32: NA | G32: NA | H32: NA | I32: Yes | J32: NA
A33: TC_MT_27 | B33: Multi Tenancy | C33: View Tenant | D33: Verify that clicking on the Users tab in the tenant view page displays all the users associated with that tenant. | E33: NA | F33: NA | G33: NA | H33: NA | I33: Yes | J33: NA
A34: TC_MT_28 | B34: Multi Tenancy | C34: Suspend Tenant | D34: Verify that clicking the suspend action displays a confirmation dialog showing the tenant ID, the action to be performed, and the current status before proceeding. | E34: NA | F34: NA | G34: NA | H34: NA | I34: Yes | J34: NA | O34: AI4IDS-741
A35: TC_MT_29 | B35: Multi Tenancy | C35: Suspend Tenant | D35: Verify that clicking Cancel on the suspend confirmation dialog dismisses the dialog and leaves the tenant status unchanged. | E35: NA | F35: NA | G35: NA | H35: NA | I35: Yes | J35: NA | O35: AI4IDS-741
A36: TC_MT_30 | B36: Multi Tenancy | C36: Suspend Tenant | D36: Verify that an Adopter Admin can successfully suspend an Active tenant by clicking Confirm in the confirmation dialog. | E36: NA | F36: NA | G36: NA | H36: NA | I36: Yes | J36: NA | O36: AI4IDS-741
A37: TC_MT_31 | B37: Multi Tenancy | C37: Suspend Tenant | D37: Verify that a tenant's status is updated to SUSPENDED after the Adopter Admin confirms the suspend action in the confirmation dialog. | E37: NA | F37: NA | G37: NA | H37: NA | I37: Yes | J37: NA | M37: Sanity | O37: AI4IDS-741, AI4IDS-1112
A38: TC_MT_32 | B38: Multi Tenancy | C38: Suspended Tenant - login | D38: Verify that a Tenant Admin belonging to a SUSPENDED tenant cannot log in to the system and receives an appropriate error message. | E38: NA | F38: NA | G38: NA | H38: NA | I38: Yes | J38: NA | M38: Sanity
A39: TC_MT_33 | B39: Multi Tenancy | C39: Suspended Tenant - edit | D39: Verify that a suspended tenant cannot be edited and an appropriate error message is displayed. | E39: NA | F39: NA | G39: NA | H39: NA | I39: Yes | J39: NA
A40: TC_MT_34 | B40: Multi Tenancy | C40: Suspended Tenant - user actions | D40: Verify that a new user cannot be created under a suspended tenant. | E40: NA | F40: NA | G40: NA | H40: NA | I40: Yes | J40: NA
A41: TC_MT_35 | B41: Multi Tenancy | C41: Suspended Tenant - user actions | D41: Verify that all users who were in ACTIVE status under a tenant are automatically suspended when the tenant is suspended. | E41: NA | F41: NA | G41: NA | H41: NA | I41: Yes | J41: NA | M41: Sanity
A42: TC_MT_36 | B42: Multi Tenancy | C42: Suspended Tenant - user actions | D42: Verify that all users who were already in SUSPENDED status under a tenant remain suspended when the tenant is suspended. | E42: NA | F42: NA | G42: NA | H42: NA | I42: Yes | J42: NA | M42: Sanity
A43: TC_MT_37 | B43: Multi Tenancy | C43: Reactivate Tenant | D43: Verify that clicking the reactivate action on a Suspended tenant displays a confirmation dialog showing the tenant ID, the action to be performed, and the current status before proceeding. | E43: NA | F43: NA | G43: NA | H43: NA | I43: Yes | J43: NA | O43: AI4IDS-741
A44: TC_MT_38 | B44: Multi Tenancy | C44: Reactivate Tenant | D44: Verify that clicking Cancel on the reactivate confirmation dialog dismisses the dialog and leaves the tenant status as SUSPENDED. | E44: NA | F44: NA | G44: NA | H44: NA | I44: Yes | J44: NA | O44: AI4IDS-741
A45: TC_MT_39 | B45: Multi Tenancy | C45: Reactivate Tenant | D45: Verify that an Adopter Admin can successfully reactivate a Suspended tenant by clicking Confirm in the confirmation dialog. | E45: NA | F45: NA | G45: NA | H45: NA | I45: Yes | J45: NA | O45: AI4IDS-741
A46: TC_MT_40 | B46: Multi Tenancy | C46: Reactivate Tenant | D46: Verify that a tenant's status is updated to ACTIVE after the Adopter Admin confirms the reactivate action in the confirmation dialog. | E46: NA | F46: NA | G46: NA | H46: NA | I46: Yes | J46: NA | M46: Sanity | O46: AI4IDS-741, AI4IDS-1112
A47: TC_MT_41 | B47: Multi Tenancy | C47: Reactivate Tenant | D47: Verify that a Tenant Admin belonging to a reactivated (ACTIVE) tenant can successfully log in to the system. | E47: NA | F47: NA | G47: NA | H47: NA | I47: Yes | J47: NA | M47: Sanity
A48: TC_MT_42 | B48: Multi Tenancy | C48: Reactivate Tenant - User actions | D48: Verify that all users who were active before the tenant was suspended are restored to active status when the tenant is reactivated. | E48: NA | F48: NA | G48: NA | H48: NA | I48: Yes | J48: NA | M48: Sanity
A49: TC_MT_43 | B49: Multi Tenancy | C49: Reactivate Tenant - User actions | D49: Verify that users who were already suspended before the tenant was suspended remain in suspended status and do not become active when the tenant is reactivated. | E49: NA | F49: NA | G49: NA | H49: NA | I49: Yes | J49: NA | M49: Sanity
A50: TC_MT_44 | B50: Multi Tenancy | C50: Deactivate Tenant | D50: Verify that clicking the deactivate action on a Suspended tenant displays a confirmation dialog showing the tenant ID, the action to be performed, and the current status before proceeding. | E50: NA | F50: NA | G50: NA | H50: NA | I50: Yes | J50: NA | O50: AI4IDS-741
A51: TC_MT_45 | B51: Multi Tenancy | C51: Deactivate Tenant | D51: Verify that clicking Cancel on the deactivate confirmation dialog dismisses the dialog and leaves the tenant status as SUSPENDED. | E51: NA | F51: NA | G51: NA | H51: NA | I51: Yes | J51: NA | O51: AI4IDS-741
A52: TC_MT_46 | B52: Multi Tenancy | C52: Deactivate Tenant | D52: Verify that an Adopter Admin can successfully deactivate a Suspended tenant by clicking Confirm in the confirmation dialog. | E52: NA | F52: NA | G52: NA | H52: NA | I52: Yes | J52: NA | O52: AI4IDS-741
A53: TC_MT_47 | B53: Multi Tenancy | C53: Deactivate Tenant | D53: Verify that a tenant's status is updated to DEACTIVATED after the Adopter Admin confirms the deactivate action in the confirmation dialog. | E53: NA | F53: NA | G53: NA | H53: NA | I53: Yes | J53: NA | M53: Sanity | O53: AI4IDS-741, AI4IDS-1112
A54: TC_MT_48 | B54: Multi Tenancy | C54: Deactivate Tenant | D54: Verify that a Tenant Admin belonging to a DEACTIVATED tenant cannot log in to the system and receives an appropriate error message. | E54: NA | F54: NA | G54: NA | H54: NA | I54: Yes | J54: NA | M54: Sanity
A55: TC_MT_49 | B55: Multi Tenancy | C55: Deactivate Tenant | D55: Verify that an Adopter Admin can deactivate a SUSPENDED tenant without reactivating it first. | E55: NA | F55: NA | G55: NA | H55: NA | I55: Yes | J55: NA | O55: AI4IDS-1112
A56: TC_MT_50 | B56: Multi Tenancy | C56: Deactivate Tenant | D56: Verify that a tenant's status is updated to DEACTIVATED when the Adopter Admin deactivates a tenant that is currently in SUSPENDED status. | E56: NA | F56: NA | G56: NA | H56: NA | I56: Yes | J56: NA | M56: Sanity | O56: AI4IDS-1112
A57: TC_MT_51 | B57: Multi Tenancy | C57: Reactivate Tenant | D57: Verify that clicking the reactivate action on a DEACTIVATED tenant displays a confirmation dialog showing the tenant ID, the action to be performed, and the current status before proceeding. | E57: NA | F57: NA | G57: NA | H57: NA | I57: Yes | J57: NA | O57: AI4IDS-741
A58: TC_MT_52 | B58: Multi Tenancy | C58: Reactivate Tenant | D58: Verify that clicking Cancel on the reactivate confirmation dialog dismisses the dialog and leaves the tenant status as DEACTIVATED | E58: NA | F58: NA | G58: NA | H58: NA | I58: Yes | J58: NA | O58: AI4IDS-741
A59: TC_MT_53 | B59: Multi Tenancy | C59: Reactivate Tenant | D59: Verify that an Adopter Admin can successfully reactivate a DEACTIVATED tenant by clicking Confirm in the confirmation dialog. | E59: NA | F59: NA | G59: NA | H59: NA | I59: Yes | J59: NA | O59: AI4IDS-741
A60: TC_MT_54 | B60: Multi Tenancy | C60: Reactivate Tenant | D60: Verify that a tenant's status is updated to ACTIVE after the Adopter Admin confirms the reactivate action on a DEACTIVATED tenant. | E60: NA | F60: NA | G60: NA | H60: NA | I60: Yes | J60: NA | M60: Sanity | O60: AI4IDS-741, AI4IDS-1112
A61: TC_MT_55 | B61: Multi Tenancy | C61: Reactivate Tenant | D61: Verify that a Tenant Admin belonging to a reactivated (ACTIVE) tenant, previously DEACTIVATED, can successfully log in to the system. | E61: NA | F61: NA | G61: NA | H61: NA | I61: Yes | J61: NA | M61: Sanity
A62: TC_MT_56 | B62: Multi Tenancy | C62: Edit Tenant | D62: Verify that a tenant in PENDING status cannot be edited. | E62: NA | F62: NA | G62: NA | H62: NA | I62: Yes | J62: NA
A63: TC_MT_57 | B63: Multi Tenancy | C63: Edit Tenant | D63: Verify that the Organization Name and subscriptions can be successfully updated for an active tenant. | E63: NA | F63: NA | G63: NA | H63: NA | I63: Yes | J63: NA
A64: TC_MT_58 | B64: Multi Tenancy | C64: Edit Tenant | D64: Verify that only the services subscribed by the adopter are available for selection when updating tenant subscriptions. | E64: NA | F64: NA | G64: NA | H64: NA | I64: Yes | J64: NA
A65: TC_MT_59 | B65: Multi Tenancy | C65: Edit Tenant | D65: Verify that the Contact Email field is not editable when updating tenant details. | E65: NA | F65: NA | G65: NA | H65: NA | I65: Yes | J65: NA
A66: TC_MT_60 | B66: Multi Tenancy | C66: Edit Tenant | D66: Verify that the Tenant ID field is read-only and cannot be modified when editing a tenant. | E66: NA | F66: NA | G66: NA | H66: NA | I66: Yes | J66: NA
A67: TC_MT_61 | B67: Multi Tenancy | C67: Edit Tenant | D67: Verify that an active tenant can add new services to their existing subscriptions. | E67: NA | F67: NA | G67: NA | H67: NA | I67: Yes | J67: NA
A68: TC_MT_62 | B68: Multi Tenancy | C68: Edit Tenant | D68: Verify that an active tenant can remove services from their existing subscriptions. | E68: NA | F68: NA | G68: NA | H68: NA | I68: Yes | J68: NA
A69: TC_MT_63 | B69: Multi Tenancy | C69: Edit Tenant | D69: Verify that a tenant is not allowed to remove all services from their existing subscriptions, and an appropriate error message is displayed. | E69: NA | F69: NA | G69: NA | H69: NA | I69: Yes | J69: NA
A70: TC_MT_64 | B70: Multi Tenancy | C70: Create Tenant User | D70: Verify that a Tenant Admin can successfully create a user under a tenant by providing all mandatory fields. | E70: NA | F70: NA | G70: NA | H70: NA | I70: Yes | J70: Yes | M70: Sanity
A71: TC_MT_64 | B71: Multi Tenancy | C71: Create Tenant User | D71: Verify that a tenant user created by a Tenant Admin is assigned ACTIVE status upon successful creation. | E71: NA | F71: NA | G71: NA | H71: NA | I71: Yes | J71: Yes | O71: AI4IDS-1112
A72: TC_MT_64 | B72: Multi Tenancy | C72: Create Tenant User | D72: Verify that a confirmation email containing login credentials is sent to the email address used to register the tenant user upon successful creation. | E72: NA | F72: NA | G72: NA | H72: NA | I72: Yes | J72: Yes | M72: Sanity
A73: TC_MT_65 | B73: Multi Tenancy | C73: Create Tenant User | D73: Verify that user creation fails when the provided email already exists in the authentication database. | E73: NA | F73: NA | G73: NA | H73: NA | I73: Yes | J73: Yes
A74: TC_MT_66 | B74: Multi Tenancy | C74: Create Tenant User | D74: Verify that a tenant user can be created with subscriptions to all services offered by that particular tenant. | E74: NA | F74: NA | G74: NA | H74: NA | I74: Yes | J74: Yes
A75: TC_MT_67 | B75: Multi Tenancy | C75: Create Tenant User | D75: Verify that a tenant user can be created with subscriptions to only a subset of services offered by that particular tenant. | E75: NA | F75: NA | G75: NA | H75: NA | I75: Yes | J75: Yes
A76: TC_MT_68 | B76: Multi Tenancy | C76: Create Tenant User | D76: Verify that user creation fails when no service is selected, and an appropriate error message is displayed. | E76: NA | F76: NA | G76: NA | H76: NA | I76: Yes | J76: Yes
A77: TC_MT_69 | B77: Multi Tenancy | C77: Create Tenant User | D77: Verify that a newly created tenant user receives an email containing their login password. | E77: NA | F77: NA | G77: NA | H77: NA | I77: Yes | J77: Yes
A78: TC_MT_70 | B78: Multi Tenancy | C78: Create Tenant User | D78: Verify that the newly created tenant user can successfully log in using the password received in the confirmation email. | E78: NA | F78: NA | G78: NA | H78: NA | I78: Yes | J78: Yes
A79: TC_MT_71 | B79: Multi Tenancy | C79: Create Tenant User | D79: Verify that a Tenant Admin can assign a role "USER" during creation from the available roles in the Role dropdown. | E79: NA | F79: NA | G79: NA | H79: NA | I79: Yes | J79: Yes
A80: TC_MT_72 | B80: Multi Tenancy | C80: Create Tenant User | D80: Verify that a Tenant Admin can assign the role ADMIN to a new user during creation from the available roles in the Role dropdown. | E80: NA | F80: NA | G80: NA | H80: NA | I80: Yes | J80: Yes
A81: TC_MT_73 | B81: Multi Tenancy | C81: Create Tenant User | D81: Verify that a user created with the ADMIN role has the same permissions as a Tenant Admin within the tenant. | E81: NA | F81: NA | G81: NA | H81: NA | I81: Yes | J81: Yes
A82: TC_MT_74 | B82: Multi Tenancy | C82: Create Tenant User | D82: Verify that a Tenant Admin can assign the role MODERATOR to a new user during creation from the available roles in the Role dropdown. | E82: NA | F82: NA | G82: NA | H82: NA | I82: Yes | J82: Yes
A83: TC_MT_75 | B83: Multi Tenancy | C83: Create Tenant User | D83: Verify that a user created with the MODERATOR role has moderator level permissions within the tenant. | E83: NA | F83: NA | G83: NA | H83: NA | I83: Yes | J83: Yes
A84: TC_MT_76 | B84: Multi Tenancy | C84: Update Tenant User | D84: Verify that a Tenant Admin can successfully update the name, email and subscriptions of an existing tenant user. | E84: NA | F84: NA | G84: NA | H84: NA | I84: Yes | J84: Yes
... A92: TC_MT_84 | B92: Multi Tenancy | C92: Update Tenant User | D92: Verify that a tenant user whose role is updated to MODERATOR has moderator level permissions within the tenant. | E92: NA | F92: NA | G92: NA | H92: NA | I92: Yes | J92: Yes
A93: TC_MT_85 | B93: Multi Tenancy | C93: Suspend Tenant User | D93: Verify that clicking the suspend action on an Active tenant user displays a confirmation dialog showing the User ID, tenant ID, the action to be performed, and the current status before proceeding. | E93: NA | F93: NA | G93: NA | H93: NA | I93: Yes | J93: Yes | O93: AI4IDS-741
A94: TC_MT_86 | B94: Multi Tenancy | C94: Suspend Tenant User | D94: Verify that clicking Cancel on the suspend confirmation dialog dismisses the dialog and leaves the tenant user status as ACTIVE. | E94: NA | F94: NA | G94: NA | H94: NA | I94: Yes | J94: Yes | O94: AI4IDS-741
A95: TC_MT_87 | B95: Multi Tenancy | C95: Suspend Tenant User | D95: Verify that an Adopter Admin or Tenant Admin can successfully suspend an Active tenant user by clicking Confirm in the confirmation dialog. | E95: NA | F95: NA | G95: NA | H95: NA | I95: Yes | J95: Yes | O95: AI4IDS-741
A96: TC_MT_88 | B96: Multi Tenancy | C96: Suspend Tenant User | D96: Verify that a tenant user's status is updated to SUSPENDED after the Adopter Admin or Tenant Admin confirms the suspend action. | E96: NA | F96: NA | G96: NA | H96: NA | I96: Yes | J96: Yes | M96: Sanity | O96: AI4IDS-741, AI4IDS-1112
A97: TC_MT_89 | B97: Multi Tenancy | C97: Suspended Tenant User - Login | D97: Verify that a SUSPENDED tenant user cannot log in to the system and receives an appropriate error message. | E97: NA | F97: NA | G97: NA | H97: NA | I97: Yes | J97: Yes | M97: Sanity
A98: TC_MT_90 | B98: Multi Tenancy | C98: Suspended Tenant User - Login | D98: Verify that a SUSPENDED tenant user can be successfully deleted by an Adopter Admin or Tenant Admin. | E98: NA | F98: NA | G98: NA | H98: NA | I98: Yes | J98: Yes | O98: AI4IDS-1112
A99: TC_MT_91 | B99: Multi Tenancy | C99: Reactivate Tenant User | D99: Verify that clicking the reactivate action on a Suspended tenant user displays a confirmation dialog showing the User ID, tenant ID, the action to be performed, and the current status before proceeding. | E99: NA | F99: NA | G99: NA | H99: NA | I99: Yes | J99: Yes | O99: AI4IDS-741
A100: TC_MT_92 | B100: Multi Tenancy | C100: Reactivate Tenant User | D100: Verify that clicking Cancel on the reactivate confirmation dialog dismisses the dialog and leaves the tenant user status as SUSPENDED. | E100: NA | F100: NA | G100: NA | H100: NA | I100: Yes | J100: Yes | O100: AI4IDS-741
A101: TC_MT_93 | B101: Multi Tenancy | C101: Reactivate Tenant User | D101: Verify that an Adopter Admin or Tenant Admin can successfully reactivate a Suspended tenant user by clicking Confirm in the confirmation dialog. | E101: NA | F101: NA | G101: NA | H101: NA | I101: Yes | J101: Yes | O101: AI4IDS-741
A102: TC_MT_94 | B102: Multi Tenancy | C102: Reactivate Tenant User | D102: Verify that a tenant user's status is updated to ACTIVE after the Adopter Admin or Tenant Admin confirms the reactivate action. | E102: NA | F102: NA | G102: NA | H102: NA | I102: Yes | J102: Yes | M102: Sanity | O102: AI4IDS-741, AI4IDS-1112
A103: TC_MT_95 | B103: Multi Tenancy | C103: Reactivate Tenant User | D103: Verify that a reactivated (ACTIVE) tenant user can successfully log in to the system. | E103: NA | F103: NA | G103: NA | H103: NA | I103: Yes | J103: Yes | M103: Sanity
A104: TC_MT_96 | B104: Multi Tenancy | C104: Reactivate Tenant User | D104: Verify that an ACTIVE tenant user can be successfully deleted by an Adopter Admin or Tenant Admin. | E104: NA | F104: NA | G104: NA | H104: NA | I104: Yes | J104: Yes | O104: AI4IDS-1112
A105: TC_MT_97 | B105: Multi Tenancy | C105: Delete Tenant User | D105: Verify that clicking the delete action on a tenant user displays a confirmation dialog showing the username, tenant, a warning that the action is permanent and cannot be undone. | E105: NA | F105: NA | G105: NA | H105: NA | I105: Yes | J105: Yes | O105: AI4IDS-741
A106: TC_MT_98 | B106: Multi Tenancy | C106: Delete Tenant User | D106: Verify that clicking Cancel on the delete confirmation dialog dismisses the dialog and leaves the tenant user intact. | E106: NA | F106: NA | G106: NA | H106: NA | I106: Yes | J106: Yes | O106: AI4IDS-741
A107: TC_MT_99 | B107: Multi Tenancy | C107: Delete Tenant User | D107: Verify that an Adopter Admin or Tenant Admin can successfully delete a tenant user by clicking Delete in the confirmation dialog. | E107: NA | F107: NA | G107: NA | H107: NA | I107: Yes | J107: Yes | O107: AI4IDS-741
...

Sheet Backlog
A1: TC to be revamped | B1: Module | C1: Status | D1: Comments | L1: Access/Role | M1: Anonymous user | N1: Guest | O1: User | P1: Moderator | Q1: Admin | R1: Tenant Admin
A2: https://coss-team-ai4x.atlassian.net/browse/AI4IDS-767 | C2: Done | L2: Login | M2: NA | N2: Yes | O2: Yes | P2: Yes | Q2: Yes | R2: Yes
A3: https://coss-team-ai4x.atlassian.net/browse/AI4IDS-769 | C3: Done | L3: Profile | M3: NA | N3: Yes | O3: Yes | P3: Yes | Q3: Yes | R3: Yes
A4: https://coss-team-ai4x.atlassian.net/browse/AI4IDS-771 | C4: Done | L4: Test Model types and Models (includes pipeline) | M4: Yes (configurable) Default: NMT(5 translations per hour) | N4: Yes (configurable) Default: NMT, ASR, TTS | O4: Yes | P4: Yes | Q4: Yes | R4: Yes
A5: https://coss-team-ai4x.atlassian.net/browse/AI4IDS-773 | C5: Done | L5: View Model Registry | M5: No | N5: No | O5: No | P5: Yes | Q5: Yes | R5: Yes
A6: https://coss-team-ai4x.atlassian.net/browse/AI4IDS-927 | C6: Done | D6: No case needed and the entire Auth service is re written. | L6: Create, Publish/unpublish, Delete Models/Services | M6: No | N6: No | O6: No | P6: Yes | Q6: Yes | R6: No
A7: https://coss-team-ai4x.atlassian.net/browse/AI4IDS-753 | C7: On Hold | D7: Usual functionalities are working, but LLM service is unavailable. | L7: Assign Role/s | M7: NA | N7: No | O7: No | P7: No | Q7: Yes | R7: Yes
A8: https://coss-team-ai4x.atlassian.net/browse/AI4IDS-760 | C8: Done | D8: Modified a case in Role management | L8: API Key creation | M8: No | N8: No | O8: No | P8: No | Q8: Yes | R8: Yes
A9: https://coss-team-ai4x.atlassian.net/browse/AI4IDS-741 | C9: Partially Done | D9: Task 8 : Service publish/unpublish/Delete, Model deprecate / activate. - Coverage Pending at Multi tenant, role and api key management Task 7 / Task 9: SERVICES - For 12 services Task 10 - SERVICES - Requested 7 services | L9: Logs | M9: No | N9: No | O9: Yes | P9: Yes | Q9: Yes | R9: Yes
A10: https://coss-team-ai4x.atlassian.net/browse/AI4IDS-777 | C10: Done | D10: except LLM everything is covered. | L10: Tenant Management | M10: No | N10: No | O10: No | P10: No | Q10: Yes | R10: Yes
A11: https://coss-team-ai4x.atlassian.net/browse/AI4IDS-886 | C11: Done
A12: https://coss-team-ai4x.atlassian.net/browse/AI4IDS-881 | B12: Model and Service Management | C12: Done
A13: https://coss-team-ai4x.atlassian.net/browse/AI4IDS-781 | C13: Done
A14: https://coss-team-ai4x.atlassian.net/browse/AI4IDS-782 | B14: Model and Service Management | C14: Done
A15: https://coss-team-ai4x.atlassian.net/browse/AI4IDS-785 | B15: Model and Service Management | C15: Done
A16: https://coss-team-ai4x.atlassian.net/browse/AI4IDS-786 | B16: Model and Service Management | C16: Done
A17: https://coss-team-ai4x.atlassian.net/browse/AI4IDS-656 | C17: NA | D17: This is very generic ticket on tenant admin
A18: https://coss-team-ai4x.atlassian.net/browse/AI4IDS-579 | C18: NA | D18: This is very generic ticket on tenant status
A19: https://coss-team-ai4x.atlassian.net/browse/AI4IDS-514 | C19: Oh Hold | D19: This is on A/B testing API implementation
A20: https://coss-team-ai4x.atlassian.net/browse/AI4IDS-477 | C20: NA | D20: A ticket on, few parameter inclusion in register API
A21: https://coss-team-ai4x.atlassian.net/browse/AI4IDS-761 | B21: Multi Tenancy | C21: Done | D21: Tenant email registration.
A22: https://coss-team-ai4x.atlassian.net/browse/AI4IDS-1095 | C22: NA | D22: This is a temporary change.
A23: https://coss-team-ai4x.atlassian.net/browse/AI4IDS-1112 | B23: Multi Tenancy | C23: Partially Done | D23: Tenant_Transistion Tenant_User_Transition Model_Management Service_Management ARCHIVE service is not implemented

Sheet Services
A1: TC_ID | B1: Module | C1: Description | D1: Functionality | E1: Admin | F1: User | G1: Moderator | H1: Guest | I1: Adopter Admin | J1: Tenanat Admin | K1: UI Automation | L1: Backend | M1: Tags | N1: Created/Update on | O1: Ticket ID
A2: TC_Services_1 | B2: Services | C2: Valid API Key | D2: Access ASR service, with valid api key | E2: Yes | F2: Yes | G2: Yes | H2: Yes | I2: Yes | J2: Yes | M2: Sanity | N2: 46096
A3: TC_Services_2 | B3: Services | C3: Valid API Key | D3: Access NMT service, with valid api key | E3: Yes | F3: Yes | G3: Yes | H3: Yes | I3: Yes | J3: Yes | M3: Sanity | N3: 46096
A4: TC_Services_3 | B4: Services | C4: Valid API Key | D4: Access TTS service, with valid api key | E4: Yes | F4: Yes | G4: Yes | H4: Yes | I4: Yes | J4: Yes | M4: Sanity | N4: 46096
A5: TC_Services_4 | B5: Services | C5: Valid API Key | D5: Access Transliteration service, with valid api key | E5: Yes | F5: Yes | G5: Yes | H5: Yes | I5: Yes | J5: Yes | M5: Sanity | N5: 46096
A6: TC_Services_5 | B6: Services | C6: Valid API Key | D6: Access Audio language detection service, with valid api key | E6: Yes | F6: Yes | G6: Yes | H6: Yes | I6: Yes | J6: Yes | M6: Sanity | N6: 46096
A7: TC_Services_6 | B7: Services | C7: Valid API Key | D7: Access Text language detection service, with valid api key | E7: Yes | F7: Yes | G7: Yes | H7: Yes | I7: Yes | J7: Yes | M7: Sanity | N7: 46096
A8: TC_Services_7 | B8: Services | C8: Valid API Key | D8: Access Speaker diarization service, with valid api key | E8: Yes | F8: Yes | G8: Yes | H8: Yes | I8: Yes | J8: Yes | M8: Sanity | N8: 46096
A9: TC_Services_8 | B9: Services | C9: Valid API Key | D9: Access Language diarization service, with valid api key | E9: Yes | F9: Yes | G9: Yes | H9: Yes | I9: Yes | J9: Yes | M9: Sanity | N9: 46096
A10: TC_Services_9 | B10: Services | C10: Valid API Key | D10: Access OCR service, with valid api key | E10: Yes | F10: Yes | G10: Yes | H10: Yes | I10: Yes | J10: Yes | M10: Sanity | N10: 46096
A11: TC_Services_10 | B11: Services | C11: Valid API Key | D11: Access LLM service, with valid api key | E11: Yes | F11: Yes | G11: Yes | H11: Yes | I11: Yes | J11: Yes | M11: Sanity | N11: 46096
A12: TC_Services_11 | B12: Services | C12: Valid API Key | D12: Access NER service, with valid api key | E12: Yes | F12: Yes | G12: Yes | H12: Yes | I12: Yes | J12: Yes | M12: Sanity | N12: 46096
A13: TC_Services_12 | B13: Services | C13: Invalid API Key | D13: Verify that the user cannot access ASR service with an invalid API key | E13: Yes | F13: Yes | G13: Yes | H13: Yes | I13: Yes | J13: Yes | M13: Sanity | N13: 46096
... A15: TC_Services_14 | B15: Services | C15: Invalid API Key | D15: Verify that the user cannot access TTS service with an invalid API key | E15: Yes | F15: Yes | G15: Yes | H15: Yes | I15: Yes | J15: Yes | M15: Sanity | N15: 46096
A16: TC_Services_15 | B16: Services | C16: Invalid API Key | D16: Verify that the user cannot access Transliteration service with an invalid API key | E16: NA | F16: Yes | G16: NA | H16: NA | I16: NA | J16: NA | N16: 46096
A17: TC_Services_16 | B17: Services | C17: Invalid API Key | D17: Verify that the user cannot access Audio Language Detection service with an invalid API key | E17: NA | F17: Yes | G17: NA | H17: NA | I17: NA | J17: NA | N17: 46096
A18: TC_Services_17 | B18: Services | C18: Invalid API Key | D18: Verify that the user cannot access Text Language Detection service with an invalid API key | E18: NA | F18: Yes | G18: NA | H18: NA | I18: NA | J18: NA | N18: 46096
A19: TC_Services_18 | B19: Services | C19: Invalid API Key | D19: Verify that the user cannot access Speaker Diarization service with an invalid API key | E19: NA | F19: Yes | G19: NA | H19: NA | I19: NA | J19: NA | N19: 46096
A20: TC_Services_19 | B20: Services | C20: Invalid API Key | D20: Verify that the user cannot access Language Diarization service with an invalid API key | E20: NA | F20: Yes | G20: NA | H20: NA | I20: NA | J20: NA | N20: 46096
A21: TC_Services_20 | B21: Services | C21: Invalid API Key | D21: Verify that the user cannot access OCR service with an invalid API key | E21: NA | F21: Yes | G21: NA | H21: NA | I21: NA | J21: NA | N21: 46096
A22: TC_Services_21 | B22: Services | C22: Invalid API Key | D22: Verify that the user cannot access LLM service with an invalid API key | E22: NA | F22: Yes | G22: NA | H22: NA | I22: NA | J22: NA | N22: 46096
A23: TC_Services_22 | B23: Services | C23: Invalid API Key | D23: Verify that the user cannot access NER service with an invalid API key | E23: NA | F23: Yes | G23: NA | H23: NA | I23: NA | J23: NA | N23: 46096
A24: TC_Services_23 | B24: Services | C24: No API Key | D24: Verify that the user cannot access ASR service without an API key | E24: Yes | F24: Yes | G24: Yes | H24: Yes | I24: Yes | J24: Yes | M24: Sanity | N24: 46096
A25: TC_Services_24 | B25: Services | C25: No API Key | D25: Verify that the user cannot access NMT service without an API key | E25: Yes | F25: Yes | G25: Yes | H25: Yes | I25: Yes | J25: Yes | M25: Sanity | N25: 46096
A26: TC_Services_25 | B26: Services | C26: No API Key | D26: Verify that the user cannot access TTS service without an API key | E26: Yes | F26: Yes | G26: Yes | H26: Yes | I26: Yes | J26: Yes | M26: Sanity | N26: 46096
A27: TC_Services_26 | B27: Services | C27: No API Key | D27: Verify that the user cannot access Transliteration service without an API key | E27: NA | F27: Yes | G27: NA | H27: NA | I27: NA | J27: NA | N27: 46096
A28: TC_Services_27 | B28: Services | C28: No API Key | D28: Verify that the user cannot access Audio Language Detection service without an API key | E28: NA | F28: Yes | G28: NA | H28: NA | I28: NA | J28: NA | N28: 46096
A29: TC_Services_28 | B29: Services | C29: No API Key | D29: Verify that the user cannot access Text Language Detection service without an API key | E29: NA | F29: Yes | G29: NA | H29: NA | I29: NA | J29: NA | N29: 46096
A30: TC_Services_29 | B30: Services | C30: No API Key | D30: Verify that the user cannot access Speaker Diarization service without an API key | E30: NA | F30: Yes | G30: NA | H30: NA | I30: NA | J30: NA | N30: 46096
A31: TC_Services_30 | B31: Services | C31: No API Key | D31: Verify that the user cannot access Language Diarization service without an API key | E31: NA | F31: Yes | G31: NA | H31: NA | I31: NA | J31: NA | N31: 46096
A32: TC_Services_31 | B32: Services | C32: No API Key | D32: Verify that the user cannot access OCR service without an API key | E32: NA | F32: Yes | G32: NA | H32: NA | I32: NA | J32: NA | N32: 46096
A33: TC_Services_32 | B33: Services | C33: No API Key | D33: Verify that the user cannot access LLM service without an API key | E33: NA | F33: Yes | G33: NA | H33: NA | I33: NA | J33: NA | N33: 46096
A34: TC_Services_33 | B34: Services | C34: No API Key | D34: Verify that the user cannot access NER service without an API key | E34: NA | F34: Yes | G34: NA | H34: NA | I34: NA | J34: NA | N34: 46096
A35: TC_Services_34 | B35: Services | C35: API without permission | D35: Verify that the user cannot access ASR service with an API key that lacks permission | E35: Yes | F35: Yes | G35: Yes | H35: Yes | I35: Yes | J35: Yes | M35: Sanity | N35: 46096
A36: TC_Services_35 | B36: Services | C36: API without permission | D36: Verify that the user cannot access NMT service with an API key that lacks permission | E36: Yes | F36: Yes | G36: Yes | H36: Yes | I36: Yes | J36: Yes | M36: Sanity | N36: 46096
A37: TC_Services_36 | B37: Services | C37: API without permission | D37: Verify that the user cannot access TTS service with an API key that lacks permission | E37: Yes | F37: Yes | G37: Yes | H37: Yes | I37: Yes | J37: Yes | M37: Sanity | N37: 46096
A38: TC_Services_37 | B38: Services | C38: API without permission | D38: Verify that the user cannot access Transliteration service with an API key that lacks permission | E38: NA | F38: Yes | G38: NA | H38: NA | I38: NA | J38: NA | N38: 46096
A39: TC_Services_38 | B39: Services | C39: API without permission | D39: Verify that the user cannot access Audio Language Detection service with an API key that lacks permission | E39: NA | F39: Yes | G39: NA | H39: NA | I39: NA | J39: NA | N39: 46096
A40: TC_Services_39 | B40: Services | C40: API without permission | D40: Verify that the user cannot access Text Language Detection service with an API key that lacks permission | E40: NA | F40: Yes | G40: NA | H40: NA | I40: NA | J40: NA | N40: 46096
A41: TC_Services_40 | B41: Services | C41: API without permission | D41: Verify that the user cannot access Speaker Diarization service with an API key that lacks permission | E41: NA | F41: Yes | G41: NA | H41: NA | I41: NA | J41: NA | N41: 46096
A42: TC_Services_41 | B42: Services | C42: API without permission | D42: Verify that the user cannot access Language Diarization service with an API key that lacks permission | E42: NA | F42: Yes | G42: NA | H42: NA | I42: NA | J42: NA | N42: 46096
A43: TC_Services_42 | B43: Services | C43: API without permission | D43: Verify that the user cannot access OCR service with an API key that lacks permission | E43: NA | F43: Yes | G43: NA | H43: NA | I43: NA | J43: NA | N43: 46096
A44: TC_Services_43 | B44: Services | C44: API without permission | D44: Verify that the user cannot access LLM service with an API key that lacks permission | E44: NA | F44: Yes | G44: NA | H44: NA | I44: NA | J44: NA | N44: 46096
A45: TC_Services_44 | B45: Services | C45: API without permission | D45: Verify that the user cannot access NER service with an API key that lacks permission | E45: NA | F45: Yes | G45: NA | H45: NA | I45: NA | J45: NA | N45: 46096
A46: TC_Services_45 | B46: Services | C46: ASR | D46: Verify that the user is able to record audio and perform a successful ASR request | E46: NA | F46: Yes | G46: NA | H46: NA | I46: NA | J46: NA | M46: Sanity | N46: 46096 | O46: AI4IDS-740
A47: TC_Services_46 | B47: Services | C47: ASR | D47: Verify that WAV and MP3 file formats are supported for a successful ASR file upload request | E47: NA | F47: Yes | G47: NA | H47: NA | I47: NA | J47: NA | N47: 46096 | O47: AI4IDS-740
A48: TC_Services_47 | B48: Services | C48: ASR | D48: Verify that the ASR service details (Service Name, Service Description) are displayed when a service is selected | E48: NA | F48: Yes | G48: NA | H48: NA | I48: NA | J48: NA | N48: 46105 | O48: AI4IDS-740, AI4IDS-741
A49: TC_Services_48 | B49: Services | C49: ASR | D49: Verify the uploaded filename is shown below the Upload button after file selection | E49: NA | F49: Yes | G49: NA | H49: NA | I49: NA | J49: NA | N49: 46096 | O49: AI4IDS-740, AI4IDS-741
A50: TC_Services_49 | B50: Services | C50: ASR | D50: Verify that the audio ready for processing confirmation message is displayed after a successful upload or recording | E50: NA | F50: Yes | G50: NA | H50: NA | I50: NA | J50: NA | N50: 46096 | O50: AI4IDS-740
A51: TC_Services_50 | B51: Services | C51: ASR | D51: Verify that the maximum size limit is enforced during audio recording / file upload and an appropriate error message is displayed (1 min) | E51: NA | F51: Yes | G51: NA | H51: NA | I51: NA | J51: NA | N51: 46096 | O51: AI4IDS-740
A52: TC_Services_51 | B52: Services | C52: ASR | D52: Verify that response word count, response time, and transcript are displayed after a successful ASR request | E52: NA | F52: Yes | G52: NA | H52: NA | I52: NA | J52: NA | M52: Sanity | N52: 46096 | O52: AI4IDS-740
A53: TC_Services_52 | B53: Services | C53: ASR | D53: Verify that the user can download the ASR response as a .txt file with an appropriate message on screen | E53: NA | F53: Yes | G53: NA | H53: NA | I53: NA | J53: NA | N53: 46096 | O53: AI4IDS-740
A54: TC_Services_53 | B54: Services | C54: ASR | D54: Verify that the user can copy the ASR response to the clipboard with an appropriate message on screen | E54: NA | F54: Yes | G54: NA | H54: NA | I54: NA | J54: NA | N54: 46096 | O54: AI4IDS-740
A55: TC_Services_54 | B55: Services | C55: ASR | D55: Verify that the user can clear the ASR response using the Clear Results button | E55: NA | F55: Yes | G55: NA | H55: NA | I55: NA | J55: NA | N55: 46096 | O55: AI4IDS-740
A56: TC_Services_55 | B56: Services | C56: ASR | D56: Verify that the user can make subsequent ASR requests without reloading the page | E56: NA | F56: Yes | G56: NA | H56: NA | I56: NA | J56: NA | N56: 46096 | O56: AI4IDS-740
A57: TC_Services_56 | B57: Services | C57: ASR | D57: Verify the action button is labelled as "Transcribe." | E57: NA | F57: Yes | G57: NA | H57: NA | I57: NA | J57: NA | N57: 46098 | O57: AI4IDS-777
A58: TC_Services_57 | B58: Services | C58: ASR | D58: Verify behaviour when no audio is uploaded or recorded — Transcribe button is not active | E58: NA | F58: Yes | G58: NA | H58: NA | I58: NA | J58: NA | N58: 46096 | O58: AI4IDS-740
A59: TC_Services_58 | B59: Services | C59: ASR | D59: Verify behaviour when an unsupported file format is uploaded (e.g. .mp4, .pdf) | E59: NA | F59: Yes | G59: NA | H59: NA | I59: NA | J59: NA | N59: 46096 | O59: AI4IDS-740
A60: TC_Services_59 | B60: Services | C60: ASR | D60: Verify that the user is not allowed to record or upload audio without selecting ASR Service, Inference Mode, and Language | E60: NA | F60: Yes | G60: NA | H60: NA | I60: NA | J60: NA | N60: 46096 | O60: AI4IDS-740
A61: TC_Services_60 | B61: Services | C61: ASR | D61: Verify that the Service dropdown / Language dropdown / defaults to 'Select' with no option pre-selected on page load | E61: NA | F61: Yes | G61: NA | H61: NA | I61: NA | J61: NA | N61: 46096 | O61: AI4IDS-740,AI4IDS-741
A62: TC_Services_61 | B62: Services | C62: ASR | D62: Verify that a clear error message is displayed when a file upload fails due to a corrupt or unreadable file (not just unsupported format) | E62: NA | F62: Yes | G62: NA | H62: NA | I62: NA | J62: NA | N62: 46096 | O62: AI4IDS-740
A63: TC_Services_62 | B63: Services | C63: ASR | D63: Verify that all mandatory fields are visually marked with a required field indicator (e.g. asterisk *) on page load. | E63: NA | F63: Yes | G63: NA | H63: NA | I63: NA | J63: NA | N63: 46104 | O63: AI4IDS-777
A64: TC_Services_63 | B64: Services | C64: ASR | D64: Verify that the action button / not active is visually disabled (greyed out and non-clickable) until all mandatory fields are filled. | E64: NA | F64: Yes | G64: NA | H64: NA | I64: NA | J64: NA
A65: TC_Services_63 | B65: Services | C65: ASR | D65: Verify Error message when recording / file upload fail | E65: NA | F65: Yes | G65: NA | H65: NA | I65: NA | J65: NA | N65: 46105 | O65: AI4IDS-741
A66: TC_Services_64 | B66: Services | C66: NMT | D66: Verify that the user is able to enter source text and perform a successful NMT request | E66: NA | F66: Yes | G66: NA | H66: NA | I66: NA | J66: NA | M66: Sanity | N66: 46096 | O66: AI4IDS-750
A67: TC_Services_65 | B67: Services | C67: NMT | D67: Vaerify action button is labelled as "Translate" | E67: NA | F67: Yes | G67: NA | H67: NA | I67: NA | J67: NA | N67: 46098 | O67: AI4IDS-777
A68: TC_Services_66 | B68: Services | C68: NMT | D68: Verify that the NMT service details (Service Name, Service Description) are displayed when a service is selected | E68: NA | F68: Yes | G68: NA | H68: NA | I68: NA | J68: NA | N68: 46096 | O68: AI4IDS-750, AI4IDS-741
A69: TC_Services_67 | B69: Services | C69: NMT | D69: Verify that the user can swap source and target languages using the swap button | E69: NA | F69: Yes | G69: NA | H69: NA | I69: NA | J69: NA | N69: 46096 | O69: AI4IDS-750
A70: TC_Services_68 | B70: Services | C70: NMT | D70: Verify that NMT translation works across different supported language pairs (Random) | E70: NA | F70: Yes | G70: NA | H70: NA | I70: NA | J70: NA | N70: 46096 | O70: AI4IDS-750
A71: TC_Services_69 | B71: Services | C71: NMT | D71: Verify that request word count, response word count, and response time are displayed after a successful NMT request | E71: NA | F71: Yes | G71: NA | H71: NA | I71: NA | J71: NA | M71: Sanity | N71: 46096 | O71: AI4IDS-750
A72: TC_Services_70 | B72: Services | C72: NMT | D72: Verify that the user can copy the source text using the Copy Source button with an appropriate message on screen | E72: NA | F72: Yes | G72: NA | H72: NA | I72: NA | J72: NA | N72: 46096 | O72: AI4IDS-750
A73: TC_Services_71 | B73: Services | C73: NMT | D73: Verify that the user can copy the translated response using the Copy Translation button with an appropriate message on screen | E73: NA | F73: Yes | G73: NA | H73: NA | I73: NA | J73: NA | N73: 46096 | O73: AI4IDS-750
A74: TC_Services_72 | B74: Services | C74: NMT | D74: Verify that the user can clear the translation response using the Clear Results button | E74: NA | F74: Yes | G74: NA | H74: NA | I74: NA | J74: NA | N74: 46096 | O74: AI4IDS-750
A75: TC_Services_73 | B75: Services | C75: NMT | D75: Verify that the user is not allowed to translate without selecting NMT Service, Source Language, and Target Language | E75: NA | F75: Yes | G75: NA | H75: NA | I75: NA | J75: NA | N75: 46096 | O75: AI4IDS-750
A76: TC_Services_74 | B76: Services | C76: NMT | D76: Verify that the source text field enforces a maximum character limit of 512 and displays an appropriate message | E76: NA | F76: Yes | G76: NA | H76: NA | I76: NA | J76: NA | N76: 46096 | O76: AI4IDS-750
A77: TC_Services_75 | B77: Services | C77: NMT | D77: Verify that the user can make subsequent NMT requests without reloading the page | E77: NA | F77: Yes | G77: NA | H77: NA | I77: NA | J77: NA | N77: 46096 | O77: AI4IDS-750
A78: TC_Services_76 | B78: Services | C78: NMT | D78: Verify that the user is not allowed to submit a translation when Source Text is empty (all other fields filled) | E78: NA | F78: Yes | G78: NA | H78: NA | I78: NA | J78: NA | N78: 46096 | O78: AI4IDS-750
A79: TC_Services_77 | B79: Services | C79: NMT | D79: Verify that the user is not allowed to submit when only Service Selection is missing (all other fields filled) | E79: NA | F79: Yes | G79: NA | H79: NA | I79: NA | J79: NA | N79: 46096 | O79: AI4IDS-750
A80: TC_Services_78 | B80: Services | C80: NMT | D80: Verify that the user is not allowed to submit when only Source Language is missing (all other fields filled) | E80: NA | F80: Yes | G80: NA | H80: NA | I80: NA | J80: NA | N80: 46096 | O80: AI4IDS-750
A81: TC_Services_79 | B81: Services | C81: NMT | D81: Verify that the user is not allowed to submit when only Target Language is missing (all other fields filled) | E81: NA | F81: Yes | G81: NA | H81: NA | I81: NA | J81: NA | N81: 46096 | O81: AI4IDS-750
A82: TC_Services_80 | B82: Services | C82: NMT | D82: Verify that the Source Language and Target Language dropdowns are visible on page load without requiring a service to be selected first | E82: NA | F82: Yes | G82: NA | H82: NA | I82: NA | J82: NA | N82: 46096 | O82: AI4IDS-750
A83: TC_Services_81 | B83: Services | C83: NMT | D83: Verify that the language dropdown options update dynamically when a different NMT service is selected | E83: NA | F83: Yes | G83: NA | H83: NA | I83: NA | J83: NA | N83: 46096 | O83: AI4IDS-750
... A89: TC_Services_87 | B89: Services | C89: NMT | D89: Verify that the action button / not active is visually disabled (greyed out and non-clickable) until all mandatory fields are filled. | E89: NA | F89: Yes | G89: NA | H89: NA | I89: NA | J89: NA | N89: 46104 | O89: AI4IDS-777
A90: TC_Services_88 | B90: Services | C90: NMT | D90: Verify Instruction text appears above the action button | N90: 46104 | O90: AI4IDS-777
A91: TC_Services_89 | B91: Services | C91: TTS | D91: Verify that the user is able to enter text and perform a successful TTS request | E91: NA | F91: Yes | G91: NA | H91: NA | I91: NA | J91: NA | M91: Sanity | N91: 46096 | O91: AI4IDS-749
A92: TC_Services_90 | B92: Services | C92: TTS | D92: Verify that the TTS service details (Service Name, Service Description) are displayed when a service is selected | E92: NA | F92: Yes | G92: NA | H92: NA | I92: NA | J92: NA | N92: 46096 | O92: AI4IDS-749, AI4IDS-741
A93: TC_Services_91 | B93: Services | C93: TTS | D93: Verify action button is labelled as "Generate Audio" | E93: NA | F93: Yes | G93: NA | H93: NA | I93: NA | J93: NA | N93: 46098 | O93: AI4IDS-777
A94: TC_Services_92 | B94: Services | C94: TTS | D94: Verify that audio is generated successfully using the Male/ Female voice option | E94: NA | F94: Yes | G94: NA | H94: NA | I94: NA | J94: NA | N94: 46096 | O94: AI4IDS-749
A95: TC_Services_93 | B95: Services | C95: TTS | D95: Verify that audio is generated successfully in WAV / MP3 format | E95: NA | F95: Yes | G95: NA | H95: NA | I95: NA | J95: NA | N95: 46096 | O95: AI4IDS-749
A96: TC_Services_94 | B96: Services | C96: TTS | D96: Verify that the user is not allowed to generate audio without selecting TTS Service, Language, Voice, and Audio Format | E96: NA | F96: Yes | G96: NA | H96: NA | I96: NA | J96: NA | N96: 46096 | O96: AI4IDS-749
A97: TC_Services_95 | B97: Services | C97: TTS | D97: Verify that request word count, response time, and TTS audio duration are displayed after a successful TTS request | E97: NA | F97: Yes | G97: NA | H97: NA | I97: NA | J97: NA | M97: Sanity | N97: 46096 | O97: AI4IDS-749
A98: TC_Services_96 | B98: Services | C98: TTS | D98: Verify that the user can download the generated audio in the format selected (WAV or MP3) | E98: NA | F98: Yes | G98: NA | H98: NA | I98: NA | J98: NA | N98: 46096 | O98: AI4IDS-749
A99: TC_Services_97 | B99: Services | C99: TTS | D99: Verify that the source text field enforces a maximum character limit of 512 and displays an appropriate message | E99: NA | F99: Yes | G99: NA | H99: NA | I99: NA | J99: NA | N99: 46096 | O99: AI4IDS-749
A100: TC_Services_98 | B100: Services | C100: TTS | D100: Verify that the user can clear the generated audio using the Clear Results button | E100: NA | F100: Yes | G100: NA | H100: NA | I100: NA | J100: NA | N100: 46096 | O100: AI4IDS-749
A101: TC_Services_99 | B101: Services | C101: TTS | D101: Verify that the user can make subsequent TTS requests without reloading the page | E101: NA | F101: Yes | G101: NA | H101: NA | I101: NA | J101: NA | N101: 46096 | O101: AI4IDS-749
A102: TC_Services_100 | B102: Services | C102: TTS | D102: Verify that the user is not allowed to submit when Text Input is empty (all other fields filled) | E102: NA | F102: Yes | G102: NA | H102: NA | I102: NA | J102: NA | N102: 46096 | O102: AI4IDS-749
A103: TC_Services_101 | B103: Services | C103: TTS | D103: Verify that the user is not allowed to submit when only Service Selection is missing (all other fields filled) | E103: NA | F103: Yes | G103: NA | H103: NA | I103: NA | J103: NA | N103: 46096 | O103: AI4IDS-749
A104: TC_Services_102 | B104: Services | C104: TTS | D104: Verify that the user is not allowed to submit when only Language is missing within Audio Configuration (all other fields filled) | E104: NA | F104: Yes | G104: NA | H104: NA | I104: NA | J104: NA | N104: 46096 | O104: AI4IDS-749
A105: TC_Services_103 | B105: Services | C105: TTS | D105: Verify that the user is not allowed to submit when only Voice is missing within Audio Configuration (all other fields filled) | E105: NA | F105: Yes | G105: NA | H105: NA | I105: NA | J105: NA | N105: 46096 | O105: AI4IDS-749
A106: TC_Services_104 | B106: Services | C106: TTS | D106: Verify that the user is not allowed to submit when only Audio Format is missing within Audio Configuration (all other fields filled) | E106: NA | F106: Yes | G106: NA | H106: NA | I106: NA | J106: NA | N106: 46096 | O106: AI4IDS-749
...

Sheet Telemetry
A1: TC_ID | B1: Module | C1: Description | D1: Functionality | E1: Admin | F1: User | G1: Moderator | H1: Guest | I1: Adopter Admin | J1: Tenanat Admin | K1: UI Automation | L1: Backend | M1: Created/Update on | N1: Ticket ID
A2: TC_Telemetry_01 | B2: Telemetry | D2: Verify description the UI matches the functions of various stages | E2: Yes | F2: NA | G2: Yes | H2: NA
A3: TC_Telemetry_02 | B3: Telemetry | D3: Verify open search implementation captures ASR request. And one row of information for each request. | E3: Yes | F3: NA | G3: Yes | H3: NA
A4: TC_Telemetry_03 | B4: Telemetry | D4: Telemetry data should be captured for ASR service and trace should be visible for each request | E4: Yes | F4: NA | G4: Yes | H4: NA
A5: TC_Telemetry_04 | B5: Telemetry | D5: Telemetry data should captured not more that one trace for one ASR request. | E5: Yes | F5: NA | G5: Yes | H5: NA
A6: TC_Telemetry_05 | B6: Telemetry | D6: Telemetry trace should captured sucess status code and appropriate success stages for a successful ASR request | E6: Yes | F6: NA | G6: Yes | H6: NA
A7: TC_Telemetry_06 | B7: Telemetry | D7: Telemetry trace should captured error status code and appropriate error stages for a failed ASR request | E7: Yes | F7: NA | G7: Yes | H7: NA
A8: TC_Telemetry_07 | B8: Telemetry | D8: Telemetry trace should captured Auth and Authentication information for a single ASR request. | E8: Yes | F8: NA | G8: Yes | H8: NA
A9: TC_Telemetry_08 | B9: Telemetry | D9: Telemetry trace should capture inference / service stage for an ASR request | E9: Yes | F9: NA | G9: Yes | H9: NA
A10: TC_Telemetry_09 | B10: Telemetry | D10: Telemetry trace should capture final processed request stage for an ASR request. | E10: Yes | F10: NA | G10: Yes | H10: NA
A11: TC_Telemetry_10 | B11: Telemetry | D11: Verify open search implementation captures NMT request. And one row of information for each request. | E11: Yes | F11: NA | G11: Yes | H11: NA
A12: TC_Telemetry_11 | B12: Telemetry | D12: Telemetry data should be captured for NMT service and trace should be visible for each request | E12: Yes | F12: NA | G12: Yes | H12: NA
A13: TC_Telemetry_12 | B13: Telemetry | D13: Telemetry data should captured not more that one trace for one NMT request. | E13: Yes | F13: NA | G13: Yes | H13: NA
... A98: TC_Telemetry_97 | B98: Telemetry | D98: Telemetry trace should capture final processed request stage for an Pipeline request. | E98: Yes | F98: NA | G98: Yes | H98: NA

Sheet Alerting
A1: TC_ID | B1: Module | C1: Description | D1: Functionality | E1: Admin | F1: User | G1: Moderator | H1: Guest | I1: Adopter Admin | J1: Tenanat Admin | K1: UI Automation | L1: Backend | M1: Tags | N1: Created/Update on | O1: Ticket ID
A2: TC_Alerts_01 | B2: Alerting | C2: Alert definition | D2: Verify user have accessibility to create alert definition. | E2: No | F2: No | G2: No | H2: No | I2: Yes | J2: No | N2: 46092 | O2: AI4IDS-931
A3: TC_Alerts_02 | B3: Alerting | C3: Alert definition | D3: Verify user have accessibility to create alert Routing | E3: No | F3: No | G3: No | H3: No | I3: Yes | J3: No | N3: 46092 | O3: AI4IDS-931
A4: TC_Alerts_03 | B4: Alerting | C4: Alert definition | D4: Verify user have accessibility to create alert history | E4: No | F4: No | G4: No | H4: No | I4: Yes | J4: Yes | N4: 46092 | O4: AI4IDS-931
A5: TC_Alerts_04 | B5: Alerting | C5: Alert definition | D5: Verify the Alert Definition list displays the following columns — Name, Category, Severity, Subcategory, Status, Created, and Actions. | E5: No | F5: No | G5: No | H5: No | I5: Yes | J5: Yes | N5: 46092 | O5: AI4IDS-931
A6: TC_Alerts_05 | B6: Alerting | C6: Alert definition | D6: Verify filtering by Category (Application / Infrastructure) displays only matching alert definitions | E6: No | F6: No | G6: No | H6: No | I6: Yes | J6: Yes | N6: 46092 | O6: AI4IDS-931
A7: TC_Alerts_06 | B7: Alerting | C7: Alert definition | D7: Verify filtering by Severity (Critical / Warning / Info) displays only matching alert definitions | E7: No | F7: No | G7: No | H7: No | I7: Yes | J7: Yes | N7: 46092 | O7: AI4IDS-931
A8: TC_Alerts_07 | B8: Alerting | C8: Alert definition | D8: Verify filtering by Status (Active / Inactive) displays only matching alert definitions | E8: No | F8: No | G8: No | H8: No | I8: Yes | J8: Yes | N8: 46092 | O8: AI4IDS-931
A9: TC_Alerts_08 | B9: Alerting | C9: Alert definition | D9: Verify applying multiple filters simultaneously returns correctly filtered results | E9: No | F9: No | G9: No | H9: No | I9: Yes | J9: Yes | N9: 46092 | O9: AI4IDS-931
A10: TC_Alerts_09 | B10: Alerting | C10: Alert definition | D10: Verify clicking Reset Filters clears all applied filters and displays the full alert definition list | E10: No | F10: No | G10: No | H10: No | I10: Yes | J10: Yes | N10: 46092 | O10: AI4IDS-931
A11: TC_Alerts_10 | B11: Alerting | C11: Alert definition | D11: Verify Search by alert name returns matching results | E11: No | F11: No | G11: No | H11: No | I11: Yes | J11: Yes | N11: 46092 | O11: AI4IDS-931
A12: TC_Alerts_11 | B12: Alerting | C12: Alert definition | D12: Verify searching for a non-existent alert name displays an appropriate empty state message | E12: No | F12: No | G12: No | H12: No | I12: Yes | J12: Yes | N12: 46092 | O12: AI4IDS-931
A13: TC_Alerts_12 | B13: Alerting | C13: Alert definition | D13: Verify the Actions column is present against each alert definition,with View, Edit, and Delete options available for each rule | E13: No | F13: No | G13: No | H13: No | I13: Yes | J13: Yes | N13: 46092 | O13: AI4IDS-931
... A41: TC_Alerts_40 | B41: Alerting | C41: Create Alert definition | D41: Verify that clicking Save Alert Definition with all mandatory fields filled saves the alert and displays an appropriate success message. | E41: NA | F41: NA | G41: NA | H41: NA | I41: Yes | J41: NA | N41: 46092 | O41: AI4IDS-931
A42: TC_Alerts_41 | B42: Alerting | C42: Create Alert definition | D42: Verify that a user can successfully create a complete Application alert definition by entering an Alert Name, optional Description, selecting Category: Application, Subcategory: Performance, Signal: Latency, Signal Metric, Target: ASR, Condition: >, Threshold: a valid numeric value in ms, Evaluation Interval: 30s, For Duration: 1m, Severity: Critical, enabling the Status toggle, and clicking Save Alert Definition — the alert is saved successfully and an appropriate success message is displayed | E42: NA | F42: NA | G42: NA | H42: NA | I42: Yes | J42: NA | M42: Sanity | N42: 46092 | O42: AI4IDS-931
A43: TC_Alerts_42 | B43: Alerting | C43: Create Alert definition | D43: Verify that a newly created Application alert definition appears in the Alert Definition list with all values correctly reflected — Name, Category, Severity, Subcategory, and Status. | E43: NA | F43: NA | G43: NA | H43: NA | I43: Yes | J43: NA | M43: Sanity | N43: 46092 | O43: AI4IDS-931
A44: TC_Alerts_43 | B44: Alerting | C44: Create Alert definition | D44: Verify that a user can successfully create a complete Infrastructure alert definition by entering an Alert Name, optional Description, selecting Category: Infrastructure, Subcategory: Compute, Signal: CPU Utilization, Signal Metric, Target: ALL, Condition: >=, Threshold: a valid numeric value in %, Evaluation Interval: 1m, For Duration: 2m, Severity: Warning, enabling the Status toggle, and clicking Save Alert Definition — the alert is saved successfully and an appropriate success message is displayed | E44: NA | F44: NA | G44: NA | H44: NA | I44: Yes | J44: NA | M44: Sanity | N44: 46092 | O44: AI4IDS-931
A45: TC_Alerts_44 | B45: Alerting | C45: Create Alert definition | D45: Verify that a newly created Infrastructure alert definition appears in the Alert Definition list with all values correctly reflected — Name, Category, Severity, Subcategory, and Status | E45: NA | F45: NA | G45: NA | H45: NA | I45: Yes | J45: NA | M45: Sanity | N45: 46092 | O45: AI4IDS-931
A46: TC_Alerts_45 | B46: Alerting | C46: Create Alert definition | D46: Verify that when a user attempts to create an alert definition with an Alert Name that already exists, an appropriate error message is displayed and the duplicate alert definition is not saved | E46: NA | F46: NA | G46: NA | H46: NA | I46: Yes | J46: NA | N46: 46092 | O46: AI4IDS-931
A47: TC_Alerts_46 | B47: Alerting | C47: Create Alert definition | D47: Verify that Alert Names are case insensitive — creating an alert with the same name in a different case (e.g. 'High Latency' and 'high latency') is treated as a duplicate and is not allowed. | E47: NA | F47: NA | G47: NA | H47: NA | I47: Yes | J47: NA | N47: 46092 | O47: AI4IDS-931
A48: TC_Alerts_47 | B48: Alerting | C48: View Alert definition | D48: Verify that clicking on the view icon against an alert definition displays the Alert Definition Details panel on the right side of the screen. | E48: NA | F48: NA | G48: NA | H48: NA | I48: Yes | J48: NA | N48: 46092 | O48: AI4IDS-931
A49: TC_Alerts_48 | B49: Alerting | C49: View Alert definition | D49: Verify that the Alert Definition Details panel displays all the following fields correctly — Alert Name, Description, Category, Severity, Signal, Signal Metric, Target, Condition & Threshold, Evaluation Interval, For Duration, and Status. | E49: NA | F49: NA | G49: NA | H49: NA | I49: Yes | J49: NA | M49: Sanity | N49: 46092 | O49: AI4IDS-931
A50: TC_Alerts_49 | B50: Alerting | C50: View Alert definition | D50: Verify that the Condition & Threshold is displayed in the correct format — for example > 800 ms for Latency and > 80% for percentage based signals. | E50: NA | F50: NA | G50: NA | H50: NA | I50: Yes | J50: NA | N50: 46092 | O50: AI4IDS-931
A51: TC_Alerts_50 | B51: Alerting | C51: View Alert definition | D51: Verify that the Alert Definition Details panel displays an Edit and Close button. | E51: NA | F51: NA | G51: NA | H51: NA | I51: Yes | J51: NA | N51: 46092 | O51: AI4IDS-931
A52: TC_Alerts_51 | B52: Alerting | C52: View Alert definition | D52: Verify that clicking Edit on the Alert Definition Details panel, open up Edit Alert Definition | E52: NA | F52: NA | G52: NA | H52: NA | I52: Yes | J52: NA | N52: 46092 | O52: AI4IDS-931
A53: TC_Alerts_52 | B53: Alerting | C53: View Alert definition | D53: Verify that clicking Close on the Alert Definition Details panel closes the side panel | E53: NA | F53: NA | G53: NA | H53: NA | I53: Yes | J53: NA | N53: 46092 | O53: AI4IDS-931
A54: TC_Alerts_53 | B54: Alerting | C54: View Alert definition | D54: Verify that clicking Edit on an existing alert definition opens the Edit Alert Definition | E54: NA | F54: NA | G54: NA | H54: NA | I54: Yes | J54: NA | N54: 46092 | O54: AI4IDS-931
A55: TC_Alerts_54 | B55: Alerting | C55: Edit Alert definition | D55: Verify that clicking the Edit icon against a specific alert definition opens the Edit Alert Definition side panel with all previously saved values | E55: NA | F55: NA | G55: NA | H55: NA | I55: Yes | J55: NA | N55: 46092 | O55: AI4IDS-931
A56: TC_Alerts_55 | B56: Alerting | C56: Edit Alert definition | D56: Edit Alert Definition side panel opens with all previously saved of the following fields, "Alert Name, Description, Category, Subcategory, Signal, Signal Metric, Target, Condition, Threshold, Unit, Severity, Evaluation Interval, For Duration, and Status." | E56: NA | F56: NA | G56: NA | H56: NA | I56: Yes | J56: NA | N56: 46092 | O56: AI4IDS-931
A57: TC_Alerts_56 | B57: Alerting | C57: Edit Alert definition | D57: Verify that a user can successfully modify one or more fields in the Edit Alert Definition panel, click Save Alert Definition, and the updated values are correctly reflected in the alert list. | E57: NA | F57: NA | G57: NA | H57: NA | I57: Yes | J57: NA | M57: Sanity | N57: 46092 | O57: AI4IDS-931
A58: TC_Alerts_57 | B58: Alerting | C58: Edit Alert definition | D58: Verify that clicking Cancel on the Edit Alert Definition panel discards all unsaved changes and retains the original alert definition values without any modification | E58: NA | F58: NA | G58: NA | H58: NA | I58: Yes | J58: NA | N58: 46092 | O58: AI4IDS-931
A59: TC_Alerts_58 | B59: Alerting | C59: Edit Alert definition | D59: Verify that when a user attempts to rename an alert definition to a name that already exists, an appropriate error message is displayed and the changes are not saved. | E59: NA | F59: NA | G59: NA | H59: NA | I59: Yes | J59: NA | N59: 46092 | O59: AI4IDS-931
A60: TC_Alerts_59 | B60: Alerting | C60: Edit Alert definition | D60: Verify that clearing any mandatory field — Alert Name, Signal, Target, Condition, Threshold, Severity, Evaluation Interval, or For Duration — and attempting to save displays an appropriate error message and prevents the alert definition from being saved | E60: NA | F60: NA | G60: NA | H60: NA | I60: Yes | J60: NA | N60: 46092 | O60: AI4IDS-931
A61: TC_Alerts_60 | B61: Alerting | C61: Edit Alert definition | D61: Verify that a user can toggle the Status of an existing alert definition between enabled and disabled via the Edit panel, save the changes, and the updated status is correctly reflected in the alert list | E61: NA | F61: NA | G61: NA | H61: NA | I61: Yes | J61: NA | N61: 46092 | O61: AI4IDS-931
A62: TC_Alerts_61 | B62: Alerting | C62: Delete Alert definition | D62: Verify that clicking the Delete icon against a specific alert definition displays a Confirm Delete popup with the alert name highlighted, a warning message stating the action cannot be undone, and Cancel and Delete buttons | E62: NA | F62: NA | G62: NA | H62: NA | I62: Yes | J62: NA | N62: 46092 | O62: AI4IDS-931
A63: TC_Alerts_62 | B63: Alerting | C63: Delete Alert definition | D63: Verify that clicking Cancel on the Confirm Delete popup closes the popup and the alert definition is retained in the Alert Definition list without any changes. | E63: NA | F63: NA | G63: NA | H63: NA | I63: Yes | J63: NA | N63: 46092 | O63: AI4IDS-931
A64: TC_Alerts_63 | B64: Alerting | C64: Delete Alert definition | D64: Verify that clicking Delete on the Confirm Delete popup successfully deletes the alert definition and it is no longer visible in the Alert Definition list | E64: NA | F64: NA | G64: NA | H64: NA | I64: Yes | J64: NA | M64: Sanity | N64: 46092 | O64: AI4IDS-931
A65: TC_Alerts_64 | B65: Alerting | C65: Delete Alert definition | D65: Verify that after a successful deletion, an appropriate success message is displayed confirming the alert definition has been deleted. | E65: NA | F65: NA | G65: NA | H65: NA | I65: Yes | J65: NA | N65: 46092 | O65: AI4IDS-931
A66: TC_Alerts_65 | B66: Alerting | C66: Delete Alert definition | D66: Verify alert definition list is update post deletion of an alert definiton. | E66: NA | F66: NA | G66: NA | H66: NA | I66: Yes | J66: NA | N66: 46092 | O66: AI4IDS-931
A67: TC_Alerts_66 | B67: Alerting | C67: Alert Routing | D67: Verify the Alert Routing list displays the following columns — Rule Name, Category, Severity, Alert Definition, Status, and Actions. | E67: NA | F67: NA | G67: NA | H67: NA | I67: Yes | J67: NA | N67: 46092 | O67: AI4IDS-931
A68: TC_Alerts_67 | B68: Alerting | C68: Alert Routing | D68: Verify filtering by Category (Application / Infrastructure) displays only matching routing rules | E68: NA | F68: NA | G68: NA | H68: NA | I68: Yes | J68: NA | N68: 46092 | O68: AI4IDS-931
A69: TC_Alerts_68 | B69: Alerting | C69: Alert Routing | D69: Verify filtering by Severity (Critical / Warning / Info) displays only matching routing rules | E69: NA | F69: NA | G69: NA | H69: NA | I69: Yes | J69: NA | N69: 46092 | O69: AI4IDS-931
A70: TC_Alerts_69 | B70: Alerting | C70: Alert Routing | D70: Verify filtering by Alert Definition displays only routing rules linked to the selected definition | E70: NA | F70: NA | G70: NA | H70: NA | I70: Yes | J70: NA | N70: 46092 | O70: AI4IDS-931
A71: TC_Alerts_70 | B71: Alerting | C71: Alert Routing | D71: Verify applying multiple filters simultaneously returns correctly filtered results | E71: NA | F71: NA | G71: NA | H71: NA | I71: Yes | J71: NA | N71: 46092 | O71: AI4IDS-931
A72: TC_Alerts_71 | B72: Alerting | C72: Alert Routing | D72: Verify Search by rule name returns matching results | E72: NA | F72: NA | G72: NA | H72: NA | I72: Yes | J72: NA | N72: 46092 | O72: AI4IDS-931
A73: TC_Alerts_72 | B73: Alerting | C73: Alert Routing | D73: Verify that clicking Reset Filters clears all applied filters and displays the complete Alert Routing list with all routing rules | E73: NA | F73: NA | G73: NA | H73: NA | I73: Yes | J73: NA | N73: 46092 | O73: AI4IDS-931
A74: TC_Alerts_73 | B74: Alerting | C74: Alert Routing | D74: Verify searching for a non-existent rule name displays an appropriate empty state message | E74: NA | F74: NA | G74: NA | H74: NA | I74: Yes | J74: NA | N74: 46092 | O74: AI4IDS-931
A75: TC_Alerts_74 | B75: Alerting | C75: Alert Routing | D75: Verify that the Actions column is present against each routing rule in the Alert Routing list, with View, Edit, and Delete options available for each rule | E75: NA | F75: NA | G75: NA | H75: NA | I75: Yes | J75: NA | N75: 46092 | O75: AI4IDS-931
A76: TC_Alerts_75 | B76: Alerting | C76: Create Alert routing | D76: Verify that Rule Name is a mandatory field and an appropriate error message is displayed when left empty | E76: NA | F76: NA | G76: NA | H76: NA | I76: Yes | J76: NA | N76: 46092 | O76: AI4IDS-931
... A89: TC_Alerts_88 | B89: Alerting | C89: Create Alert routing | D89: Verify that a user can disable the routing rule by toggling the Status to off and the rule is saved in a disabled state | E89: NA | F89: NA | G89: NA | H89: NA | I89: Yes | J89: NA | N89: 46092 | O89: AI4IDS-931
A90: TC_Alerts_89 | B90: Alerting | C90: Create Alert routing | D90: Verify that a user can successfully create a Global routing rule by entering a Rule Name, selecting Category, Severity, Alert Definition, Scope: Global, Delivery Channel: Email, enabling Status, and clicking Save Routing Rule — the rule is saved successfully and an appropriate success message is displayed. | E90: NA | F90: NA | G90: NA | H90: NA | I90: Yes | J90: NA | M90: Sanity | N90: 46092 | O90: AI4IDS-931
A91: TC_Alerts_90 | B91: Alerting | C91: Create Alert routing | D91: Verify that a newly created Global routing rule appears in the Alert Routing list with all values correctly reflected — Rule Name, Category, Severity, and Alert Definition. | E91: NA | F91: NA | G91: NA | H91: NA | I91: Yes | J91: NA | M91: Sanity | N91: 46092 | O91: AI4IDS-931
A92: TC_Alerts_91 | B92: Alerting | C92: Create Alert routing | D92: Verify that a user can successfully create a Specific Tenant routing rule by entering a Rule Name, selecting Category, Severity, Alert Definition, Scope: Specific Tenant, selecting a Target Tenant, Delivery Channel: Email, enabling Status, and clicking Save Routing Rule — the rule is saved successfully and an appropriate success message is displayed. | E92: NA | F92: NA | G92: NA | H92: NA | I92: Yes | J92: NA | M92: Sanity | N92: 46092 | O92: AI4IDS-931
A93: TC_Alerts_92 | B93: Alerting | C93: Create Alert routing | D93: Verify that a newly created Specific Tenant routing rule appears in the Alert Routing list with all values correctly reflected — Rule Name, Category, Severity, and Alert Definition. | E93: NA | F93: NA | G93: NA | H93: NA | I93: Yes | J93: NA | M93: Sanity | N93: 46092 | O93: AI4IDS-931
A94: TC_Alerts_93 | B94: Alerting | C94: Create Alert routing | D94: Verify that clicking Cancel closes the Create Routing Rule panel without saving any data. | E94: NA | F94: NA | G94: NA | H94: NA | I94: Yes | J94: NA | N94: 46092 | O94: AI4IDS-931
A95: TC_Alerts_94 | B95: Alerting | C95: Create Alert routing | D95: erify that clicking Save Routing Rule with all mandatory fields filled saves the rule and displays an appropriate success message. | E95: NA | F95: NA | G95: NA | H95: NA | I95: Yes | J95: NA | N95: 46092 | O95: AI4IDS-931
A96: TC_Alerts_95 | B96: Alerting | C96: View Alert routing | D96: Verify that clicking View against a routing rule opens the View Routing Rule side panel in read only mode | E96: NA | F96: NA | G96: NA | H96: NA | I96: Yes | J96: NA | N96: 46092 | O96: AI4IDS-931
A97: TC_Alerts_96 | B97: Alerting | C97: View Alert routing | D97: Verify that the View Routing Rule panel displays all saved values correctly — Rule Name, Description, Category, Severity, Alert Definition, Scope, Delivery Channel, and Status. | E97: NA | F97: NA | G97: NA | H97: NA | I97: Yes | J97: NA | M97: Sanity | N97: 46092 | O97: AI4IDS-931
A98: TC_Alerts_97 | B98: Alerting | C98: View Alert routing | D98: Verify that no fields are editable in the View Routing Rule panel | E98: NA | F98: NA | G98: NA | H98: NA | I98: Yes | J98: NA | N98: 46092 | O98: AI4IDS-931
A99: TC_Alerts_98 | B99: Alerting | C99: View Alert routing | D99: Verify that clicking Close on the View Routing Rule panel closes the panel and returns to the Alert Routing list | E99: NA | F99: NA | G99: NA | H99: NA | I99: Yes | J99: NA | N99: 46092 | O99: AI4IDS-931
A100: TC_Alerts_99 | B100: Alerting | C100: View Alert routing | D100: Verify that clicking Edit on the View Routing Rule panel opens the Edit Routing Rule side panel with all values correctly pre-populated. | E100: NA | F100: NA | G100: NA | H100: NA | I100: Yes | J100: NA | N100: 46092 | O100: AI4IDS-931
A101: TC_Alerts_100 | B101: Alerting | C101: Edit Alert routing | D101: Verify that clicking Edit against a routing rule opens the Edit Routing Rule side panel with all previously saved values correctly pre-populated — Rule Name, Description, Category, Severity, Alert Definition, Scope, Delivery Channel, and Status. | E101: NA | F101: NA | G101: NA | H101: NA | I101: Yes | J101: NA | N101: 46092 | O101: AI4IDS-931
A102: TC_Alerts_101 | B102: Alerting | C102: Edit Alert routing | D102: Verify that a user can successfully modify one or more fields in the Edit Routing Rule panel, click Save Rule, and the updated values are correctly reflected in the Alert Routing list | E102: NA | F102: NA | G102: NA | H102: NA | I102: Yes | J102: NA | M102: Sanity | N102: 46092 | O102: AI4IDS-931
A103: TC_Alerts_102 | B103: Alerting | C103: Edit Alert routing | D103: Verify that clicking Cancel on the Edit Routing Rule panel discards all unsaved changes and retains the original routing rule values | E103: NA | F103: NA | G103: NA | H103: NA | I103: Yes | J103: NA | N103: 46092 | O103: AI4IDS-931
A104: TC_Alerts_103 | B104: Alerting | C104: Edit Alert routing | D104: Verify that when a user attempts to rename a routing rule to a name that already exists, an appropriate error message is displayed and the changes are not saved. | E104: NA | F104: NA | G104: NA | H104: NA | I104: Yes | J104: NA | N104: 46092 | O104: AI4IDS-931
A105: TC_Alerts_104 | B105: Alerting | C105: Edit Alert routing | D105: Verify that clearing any mandatory field — Rule Name, Category, Severity, Alert Definition, or Scope — and attempting to save displays an appropriate error message and prevents the routing rule from being saved | E105: NA | F105: NA | G105: NA | H105: NA | I105: Yes | J105: NA | N105: 46092 | O105: AI4IDS-931
A106: TC_Alerts_105 | B106: Alerting | C106: Edit Alert routing | D106: Verify that a user can toggle the Status of an existing routing rule between enabled and disabled via the Edit panel, click Save Rule, and the updated status is correctly reflected in the Alert Routing list. | E106: NA | F106: NA | G106: NA | H106: NA | I106: Yes | J106: NA | N106: 46092 | O106: AI4IDS-931
A107: TC_Alerts_106 | B107: Alerting | C107: Delete Alert routing | D107: Verify that clicking the Delete icon against a specific routing rule displays a Confirm Delete popup with the rule name highlighted, a warning message stating the action cannot be undone, and Cancel and Delete buttons | E107: NA | F107: NA | G107: NA | H107: NA | I107: Yes | J107: NA | N107: 46092 | O107: AI4IDS-931
A108: TC_Alerts_107 | B108: Alerting | C108: Delete Alert routing | D108: Verify that clicking Cancel on the Confirm Delete popup closes the popup and the routing rule is retained in the Alert Routing list without any changes | E108: NA | F108: NA | G108: NA | H108: NA | I108: Yes | J108: NA | N108: 46092 | O108: AI4IDS-931
A109: TC_Alerts_108 | B109: Alerting | C109: Delete Alert routing | D109: Verify that clicking Delete on the Confirm Delete popup successfully deletes the routing rule and it is no longer visible in the Alert Routing list. | E109: NA | F109: NA | G109: NA | H109: NA | I109: Yes | J109: NA | M109: Sanity | N109: 46092 | O109: AI4IDS-931
A110: TC_Alerts_109 | B110: Alerting | C110: Delete Alert routing | D110: Verify that after a successful deletion of a routing rule, an appropriate success message is displayed | E110: NA | F110: NA | G110: NA | H110: NA | I110: Yes | J110: NA | M110: Sanity | N110: 46092 | O110: AI4IDS-931
A111: TC_Alerts_110 | B111: Alerting | C111: Alert routing assignment constraints | D111: Verify that an Alert Definition can be assigned to only one routing rule at a time, attempting to assign the same alert definition to a second routing rule displays an appropriate error message or restricts the selection | E111: NA | F111: NA | G111: NA | H111: NA | I111: Yes | J111: NA | M111: Sanity | N111: 46093 | O111: AI4IDS-931
A112: TC_Alerts_111 | B112: Alerting | C112: Alert routing assignment constraints | D112: Verify that the error message displayed when attempting to assign an already assigned Alert Definition clearly indicates that the alert definition is already linked to an existing routing rule | E112: NA | F112: NA | G112: NA | H112: NA | I112: Yes | J112: NA | M112: Sanity | N112: 46093 | O112: AI4IDS-931

Sheet Alerting Data Validation
A1: AI4I Platform — Alert Definition & Routing Validation Matrix
A2: ALERT DEFINITION | M2: ALERT ROUTING | S2: Tags | T2: Ticket ID
A3: Test Case ID | B3: Service | C3: Category | D3: Subcategory | E3: Signal | F3: Signal Metric | G3: Unit | H3: Severity | I3: Condition | J3: Threshold | K3: Alert Definition Name | L3: Alert Def Status | M3: Scope | N3: Target Tenant | O3: Delivery Channel | P3: Notify | Q3: Pass / Fail | R3: Remarks | S3: Tags
A4: TC_Alerts_DV_01 | B4: ASR | C4: Application | D4: Performance | E4: Latency | F4: Latency P50 | G4: ms | H4: Critical | I4: > | J4: 800 | K4: ASR Performance Latency Alert | L4: Active | M4: Global | N4: — | O4: Email | P4: Admin | Q4: Yes | S4: Sanity
A5: TC_Alerts_DV_02 | B5: ASR | C5: Application | D5: Performance | E5: Latency | F5: Latency P95 | G5: ms | H5: Critical | I5: >= | J5: 800 | K5: ASR Performance Latency Alert | L5: Active | M5: Specific Tenant | N5: Tenant A | O5: Email | P5: Tenant Admin | Q5: Yes | S5: Sanity
A6: TC_Alerts_DV_03 | B6: ASR | C6: Application | D6: Availability | E6: Error Rate | F6: Error Rate % | G6: % | H6: Warning | I6: > | J6: 1 | K6: ASR Availability Error Rate Alert | L6: Active | M6: Global | N6: — | O6: Email | P6: Admin | Q6: Yes | S6: Sanity
A7: TC_Alerts_DV_04 | B7: ASR | C7: Application | D7: Availability | E7: Error Rate | F7: Error Rate % | G7: % | H7: Warning | I7: > | J7: 5 | K7: ASR Availability Error Rate Alert | L7: Active | M7: Specific Tenant | N7: Tenant A | O7: Email | P7: Tenant Admin | Q7: Yes | S7: Sanity
A8: TC_Alerts_DV_05 | B8: ASR | C8: Infrastructure | D8: Compute | E8: CPU Utilization | F8: CPU Usage | G8: % | H8: Critical | I8: > | J8: 85 | K8: ASR Compute CPU Utilization Alert | L8: Active | M8: Global | N8: — | O8: Email | P8: Admin | Q8: Yes | S8: Sanity
A9: TC_Alerts_DV_06 | B9: ASR | C9: Infrastructure | D9: Compute | E9: CPU Utilization | F9: CPU Usage | G9: % | H9: Critical | I9: > | J9: 85 | K9: ASR Compute CPU Utilization Alert | L9: Active | M9: Specific Tenant | N9: Tenant A | O9: Email | P9: Tenant Admin | Q9: Yes | S9: Sanity | T9: AI4IDS-1095
A10: TC_Alerts_DV_07 | B10: ASR | C10: Infrastructure | D10: Compute | E10: Memory Utilization | F10: Memory Usage | G10: % | H10: Warning | I10: > | J10: 80 | K10: ASR Compute Memory Utilization Alert | L10: Active | M10: Global | N10: — | O10: Email | P10: Admin | Q10: Yes | S10: Sanity
A11: TC_Alerts_DV_08 | B11: ASR | C11: Infrastructure | D11: Compute | E11: Memory Utilization | F11: Memory Usage | G11: % | H11: Warning | I11: > | J11: 80 | K11: ASR Compute Memory Utilization Alert | L11: Active | M11: Specific Tenant | N11: Tenant A | O11: Email | P11: Tenant Admin | Q11: Yes | S11: Sanity | T11: AI4IDS-1095
A12: TC_Alerts_DV_09 | B12: ASR | C12: Infrastructure | D12: Storage | E12: Disk Utilization | F12: Disk Usage | G12: % | H12: Warning | I12: > | J12: 75 | K12: ASR Storage Disk Utilization Alert | L12: Active | M12: Global | N12: — | O12: Email | P12: Admin | Q12: Yes | S12: Sanity
A13: TC_Alerts_DV_10 | B13: ASR | C13: Infrastructure | D13: Storage | E13: Disk Utilization | F13: Disk Usage | G13: % | H13: Warning | I13: > | J13: 75 | K13: ASR Storage Disk Utilization Alert | L13: Active | M13: Specific Tenant | N13: Tenant A | O13: Email | P13: Tenant Admin | Q13: Yes | S13: Sanity | T13: AI4IDS-1095
A14: TC_Alerts_DV_11 | B14: NMT | C14: Application | D14: Performance | E14: Latency | F14: Latency P95 | G14: ms | H14: Critical | I14: > | J14: 800 | K14: NMT Performance Latency Alert | L14: Active | M14: Global | N14: — | O14: Email | P14: Admin
A15: TC_Alerts_DV_12 | B15: NMT | C15: Application | D15: Performance | E15: Latency | F15: Latency P95 | G15: ms | H15: Critical | I15: > | J15: 800 | K15: NMT Performance Latency Alert | L15: Active | M15: Specific Tenant | N15: Tenant A | O15: Email | P15: Tenant Admin
A16: TC_Alerts_DV_13 | B16: NMT | C16: Application | D16: Availability | E16: Error Rate | F16: Error Rate % | G16: % | H16: Warning | I16: > | J16: 5 | K16: NMT Availability Error Rate Alert | L16: Active | M16: Global | N16: — | O16: Email | P16: Admin
A17: TC_Alerts_DV_14 | B17: NMT | C17: Application | D17: Availability | E17: Error Rate | F17: Error Rate % | G17: % | H17: Warning | I17: > | J17: 5 | K17: NMT Availability Error Rate Alert | L17: Active | M17: Specific Tenant | N17: Tenant A | O17: Email | P17: Tenant Admin | Q17: Yes | S17: Sanity
A18: TC_Alerts_DV_15 | B18: NMT | C18: Infrastructure | D18: Compute | E18: CPU Utilization | F18: CPU Usage | G18: % | H18: Critical | I18: > | J18: 85 | K18: NMT Compute CPU Utilization Alert | L18: Active | M18: Global | N18: — | O18: Email | P18: Admin
A19: TC_Alerts_DV_16 | B19: NMT | C19: Infrastructure | D19: Compute | E19: CPU Utilization | F19: CPU Usage | G19: % | H19: Critical | I19: > | J19: 85 | K19: NMT Compute CPU Utilization Alert | L19: Active | M19: Specific Tenant | N19: Tenant A | O19: Email | P19: Tenant Admin
A20: TC_Alerts_DV_17 | B20: NMT | C20: Infrastructure | D20: Compute | E20: Memory Utilization | F20: Memory Usage | G20: % | H20: Warning | I20: > | J20: 80 | K20: NMT Compute Memory Utilization Alert | L20: Active | M20: Global | N20: — | O20: Email | P20: Admin
A21: TC_Alerts_DV_18 | B21: NMT | C21: Infrastructure | D21: Compute | E21: Memory Utilization | F21: Memory Usage | G21: % | H21: Warning | I21: > | J21: 80 | K21: NMT Compute Memory Utilization Alert | L21: Active | M21: Specific Tenant | N21: Tenant A | O21: Email | P21: Tenant Admin
A22: TC_Alerts_DV_19 | B22: NMT | C22: Infrastructure | D22: Storage | E22: Disk Utilization | F22: Disk Usage | G22: % | H22: Warning | I22: > | J22: 75 | K22: NMT Storage Disk Utilization Alert | L22: Active | M22: Global | N22: — | O22: Email | P22: Admin
A23: TC_Alerts_DV_20 | B23: NMT | C23: Infrastructure | D23: Storage | E23: Disk Utilization | F23: Disk Usage | G23: % | H23: Warning | I23: > | J23: 75 | K23: NMT Storage Disk Utilization Alert | L23: Active | M23: Specific Tenant | N23: Tenant A | O23: Email | P23: Tenant Admin
A24: TC_Alerts_DV_21 | B24: TTS | C24: Application | D24: Performance | E24: Latency | F24: Latency P95 | G24: ms | H24: Critical | I24: > | J24: 800 | K24: TTS Performance Latency Alert | L24: Active | M24: Global | N24: — | O24: Email | P24: Admin
A25: TC_Alerts_DV_22 | B25: TTS | C25: Application | D25: Performance | E25: Latency | F25: Latency P95 | G25: ms | H25: Critical | I25: > | J25: 800 | K25: TTS Performance Latency Alert | L25: Active | M25: Specific Tenant | N25: Tenant A | O25: Email | P25: Tenant Admin
A26: TC_Alerts_DV_23 | B26: TTS | C26: Application | D26: Availability | E26: Error Rate | F26: Error Rate % | G26: % | H26: Warning | I26: > | J26: 5 | K26: TTS Availability Error Rate Alert | L26: Active | M26: Global | N26: — | O26: Email | P26: Admin
A27: TC_Alerts_DV_24 | B27: TTS | C27: Application | D27: Availability | E27: Error Rate | F27: Error Rate % | G27: % | H27: Warning | I27: > | J27: 5 | K27: TTS Availability Error Rate Alert | L27: Active | M27: Specific Tenant | N27: Tenant A | O27: Email | P27: Tenant Admin | Q27: Yes | S27: Sanity
A28: TC_Alerts_DV_25 | B28: TTS | C28: Infrastructure | D28: Compute | E28: CPU Utilization | F28: CPU Usage | G28: % | H28: Critical | I28: > | J28: 85 | K28: TTS Compute CPU Utilization Alert | L28: Active | M28: Global | N28: — | O28: Email | P28: Admin
A29: TC_Alerts_DV_26 | B29: TTS | C29: Infrastructure | D29: Compute | E29: CPU Utilization | F29: CPU Usage | G29: % | H29: Critical | I29: > | J29: 85 | K29: TTS Compute CPU Utilization Alert | L29: Active | M29: Specific Tenant | N29: Tenant A | O29: Email | P29: Tenant Admin
A30: TC_Alerts_DV_27 | B30: TTS | C30: Infrastructure | D30: Compute | E30: Memory Utilization | F30: Memory Usage | G30: % | H30: Warning | I30: > | J30: 80 | K30: TTS Compute Memory Utilization Alert | L30: Active | M30: Global | N30: — | O30: Email | P30: Admin
A31: TC_Alerts_DV_28 | B31: TTS | C31: Infrastructure | D31: Compute | E31: Memory Utilization | F31: Memory Usage | G31: % | H31: Warning | I31: > | J31: 80 | K31: TTS Compute Memory Utilization Alert | L31: Active | M31: Specific Tenant | N31: Tenant A | O31: Email | P31: Tenant Admin
A32: TC_Alerts_DV_29 | B32: TTS | C32: Infrastructure | D32: Storage | E32: Disk Utilization | F32: Disk Usage | G32: % | H32: Warning | I32: > | J32: 75 | K32: TTS Storage Disk Utilization Alert | L32: Active | M32: Global | N32: — | O32: Email | P32: Admin
A33: TC_Alerts_DV_30 | B33: TTS | C33: Infrastructure | D33: Storage | E33: Disk Utilization | F33: Disk Usage | G33: % | H33: Warning | I33: > | J33: 75 | K33: TTS Storage Disk Utilization Alert | L33: Active | M33: Specific Tenant | N33: Tenant A | O33: Email | P33: Tenant Admin
A34: TC_Alerts_DV_31 | B34: LLM | C34: Application | D34: Performance | E34: Latency | F34: Latency P95 | G34: ms | H34: Critical | I34: > | J34: 800 | K34: LLM Performance Latency Alert | L34: Active | M34: Global | N34: — | O34: Email | P34: Admin
A35: TC_Alerts_DV_32 | B35: LLM | C35: Application | D35: Performance | E35: Latency | F35: Latency P95 | G35: ms | H35: Critical | I35: > | J35: 800 | K35: LLM Performance Latency Alert | L35: Active | M35: Specific Tenant | N35: Tenant A | O35: Email | P35: Tenant Admin
A36: TC_Alerts_DV_33 | B36: LLM | C36: Application | D36: Availability | E36: Error Rate | F36: Error Rate % | G36: % | H36: Warning | I36: > | J36: 5 | K36: LLM Availability Error Rate Alert | L36: Active | M36: Global | N36: — | O36: Email | P36: Admin
A37: TC_Alerts_DV_34 | B37: LLM | C37: Application | D37: Availability | E37: Error Rate | F37: Error Rate % | G37: % | H37: Warning | I37: > | J37: 5 | K37: LLM Availability Error Rate Alert | L37: Active | M37: Specific Tenant | N37: Tenant A | O37: Email | P37: Tenant Admin | Q37: Yes | S37: Sanity
A38: TC_Alerts_DV_35 | B38: LLM | C38: Infrastructure | D38: Compute | E38: CPU Utilization | F38: CPU Usage | G38: % | H38: Critical | I38: > | J38: 85 | K38: LLM Compute CPU Utilization Alert | L38: Active | M38: Global | N38: — | O38: Email | P38: Admin
A39: TC_Alerts_DV_36 | B39: LLM | C39: Infrastructure | D39: Compute | E39: CPU Utilization | F39: CPU Usage | G39: % | H39: Critical | I39: > | J39: 85 | K39: LLM Compute CPU Utilization Alert | L39: Active | M39: Specific Tenant | N39: Tenant A | O39: Email | P39: Tenant Admin
A40: TC_Alerts_DV_37 | B40: LLM | C40: Infrastructure | D40: Compute | E40: Memory Utilization | F40: Memory Usage | G40: % | H40: Warning | I40: > | J40: 80 | K40: LLM Compute Memory Utilization Alert | L40: Active | M40: Global | N40: — | O40: Email | P40: Admin
A41: TC_Alerts_DV_38 | B41: LLM | C41: Infrastructure | D41: Compute | E41: Memory Utilization | F41: Memory Usage | G41: % | H41: Warning | I41: > | J41: 80 | K41: LLM Compute Memory Utilization Alert | L41: Active | M41: Specific Tenant | N41: Tenant A | O41: Email | P41: Tenant Admin
A42: TC_Alerts_DV_39 | B42: LLM | C42: Infrastructure | D42: Storage | E42: Disk Utilization | F42: Disk Usage | G42: % | H42: Warning | I42: > | J42: 75 | K42: LLM Storage Disk Utilization Alert | L42: Active | M42: Global | N42: — | O42: Email | P42: Admin
A43: TC_Alerts_DV_40 | B43: LLM | C43: Infrastructure | D43: Storage | E43: Disk Utilization | F43: Disk Usage | G43: % | H43: Warning | I43: > | J43: 75 | K43: LLM Storage Disk Utilization Alert | L43: Active | M43: Specific Tenant | N43: Tenant A | O43: Email | P43: Tenant Admin
A44: TC_Alerts_DV_41 | B44: OCR | C44: Application | D44: Performance | E44: Latency | F44: Latency P95 | G44: ms | H44: Critical | I44: > | J44: 800 | K44: OCR Performance Latency Alert | L44: Active | M44: Global | N44: — | O44: Email | P44: Admin
A45: TC_Alerts_DV_42 | B45: OCR | C45: Application | D45: Performance | E45: Latency | F45: Latency P95 | G45: ms | H45: Critical | I45: > | J45: 800 | K45: OCR Performance Latency Alert | L45: Active | M45: Specific Tenant | N45: Tenant A | O45: Email | P45: Tenant Admin
A46: TC_Alerts_DV_43 | B46: OCR | C46: Application | D46: Availability | E46: Error Rate | F46: Error Rate % | G46: % | H46: Warning | I46: > | J46: 5 | K46: OCR Availability Error Rate Alert | L46: Active | M46: Global | N46: — | O46: Email | P46: Admin
A47: TC_Alerts_DV_44 | B47: OCR | C47: Application | D47: Availability | E47: Error Rate | F47: Error Rate % | G47: % | H47: Warning | I47: > | J47: 5 | K47: OCR Availability Error Rate Alert | L47: Active | M47: Specific Tenant | N47: Tenant A | O47: Email | P47: Tenant Admin | Q47: Yes | S47: Sanity
A48: TC_Alerts_DV_45 | B48: OCR | C48: Infrastructure | D48: Compute | E48: CPU Utilization | F48: CPU Usage | G48: % | H48: Critical | I48: > | J48: 85 | K48: OCR Compute CPU Utilization Alert | L48: Active | M48: Global | N48: — | O48: Email | P48: Admin
A49: TC_Alerts_DV_46 | B49: OCR | C49: Infrastructure | D49: Compute | E49: CPU Utilization | F49: CPU Usage | G49: % | H49: Critical | I49: > | J49: 85 | K49: OCR Compute CPU Utilization Alert | L49: Active | M49: Specific Tenant | N49: Tenant A | O49: Email | P49: Tenant Admin
A50: TC_Alerts_DV_47 | B50: OCR | C50: Infrastructure | D50: Compute | E50: Memory Utilization | F50: Memory Usage | G50: % | H50: Warning | I50: > | J50: 80 | K50: OCR Compute Memory Utilization Alert | L50: Active | M50: Global | N50: — | O50: Email | P50: Admin
A51: TC_Alerts_DV_48 | B51: OCR | C51: Infrastructure | D51: Compute | E51: Memory Utilization | F51: Memory Usage | G51: % | H51: Warning | I51: > | J51: 80 | K51: OCR Compute Memory Utilization Alert | L51: Active | M51: Specific Tenant | N51: Tenant A | O51: Email | P51: Tenant Admin
A52: TC_Alerts_DV_49 | B52: OCR | C52: Infrastructure | D52: Storage | E52: Disk Utilization | F52: Disk Usage | G52: % | H52: Warning | I52: > | J52: 75 | K52: OCR Storage Disk Utilization Alert | L52: Active | M52: Global | N52: — | O52: Email | P52: Admin
A53: TC_Alerts_DV_50 | B53: OCR | C53: Infrastructure | D53: Storage | E53: Disk Utilization | F53: Disk Usage | G53: % | H53: Warning | I53: > | J53: 75 | K53: OCR Storage Disk Utilization Alert | L53: Active | M53: Specific Tenant | N53: Tenant A | O53: Email | P53: Tenant Admin
A54: TC_Alerts_DV_51 | B54: NER | C54: Application | D54: Performance | E54: Latency | F54: Latency P95 | G54: ms | H54: Critical | I54: > | J54: 800 | K54: NER Performance Latency Alert | L54: Active | M54: Global | N54: — | O54: Email | P54: Admin
A55: TC_Alerts_DV_52 | B55: NER | C55: Application | D55: Performance | E55: Latency | F55: Latency P95 | G55: ms | H55: Critical | I55: > | J55: 800 | K55: NER Performance Latency Alert | L55: Active | M55: Specific Tenant | N55: Tenant A | O55: Email | P55: Tenant Admin
A56: TC_Alerts_DV_53 | B56: NER | C56: Application | D56: Availability | E56: Error Rate | F56: Error Rate % | G56: % | H56: Warning | I56: > | J56: 5 | K56: NER Availability Error Rate Alert | L56: Active | M56: Global | N56: — | O56: Email | P56: Admin
A57: TC_Alerts_DV_54 | B57: NER | C57: Application | D57: Availability | E57: Error Rate | F57: Error Rate % | G57: % | H57: Warning | I57: > | J57: 5 | K57: NER Availability Error Rate Alert | L57: Active | M57: Specific Tenant | N57: Tenant A | O57: Email | P57: Tenant Admin | Q57: Yes | S57: Sanity
A58: TC_Alerts_DV_55 | B58: NER | C58: Infrastructure | D58: Compute | E58: CPU Utilization | F58: CPU Usage | G58: % | H58: Critical | I58: > | J58: 85 | K58: NER Compute CPU Utilization Alert | L58: Active | M58: Global | N58: — | O58: Email | P58: Admin
A59: TC_Alerts_DV_56 | B59: NER | C59: Infrastructure | D59: Compute | E59: CPU Utilization | F59: CPU Usage | G59: % | H59: Critical | I59: > | J59: 85 | K59: NER Compute CPU Utilization Alert | L59: Active | M59: Specific Tenant | N59: Tenant A | O59: Email | P59: Tenant Admin
A60: TC_Alerts_DV_57 | B60: NER | C60: Infrastructure | D60: Compute | E60: Memory Utilization | F60: Memory Usage | G60: % | H60: Warning | I60: > | J60: 80 | K60: NER Compute Memory Utilization Alert | L60: Active | M60: Global | N60: — | O60: Email | P60: Admin
A61: TC_Alerts_DV_58 | B61: NER | C61: Infrastructure | D61: Compute | E61: Memory Utilization | F61: Memory Usage | G61: % | H61: Warning | I61: > | J61: 80 | K61: NER Compute Memory Utilization Alert | L61: Active | M61: Specific Tenant | N61: Tenant A | O61: Email | P61: Tenant Admin
A62: TC_Alerts_DV_59 | B62: NER | C62: Infrastructure | D62: Storage | E62: Disk Utilization | F62: Disk Usage | G62: % | H62: Warning | I62: > | J62: 75 | K62: NER Storage Disk Utilization Alert | L62: Active | M62: Global | N62: — | O62: Email | P62: Admin
A63: TC_Alerts_DV_60 | B63: NER | C63: Infrastructure | D63: Storage | E63: Disk Utilization | F63: Disk Usage | G63: % | H63: Warning | I63: > | J63: 75 | K63: NER Storage Disk Utilization Alert | L63: Active | M63: Specific Tenant | N63: Tenant A | O63: Email | P63: Tenant Admin
A64: TC_Alerts_DV_61 | B64: Transliteration | C64: Application | D64: Performance | E64: Latency | F64: Latency P95 | G64: ms | H64: Critical | I64: > | J64: 800 | K64: Transliteration Performance Latency Alert | L64: Active | M64: Global | N64: — | O64: Email | P64: Admin
A65: TC_Alerts_DV_62 | B65: Transliteration | C65: Application | D65: Performance | E65: Latency | F65: Latency P95 | G65: ms | H65: Critical | I65: > | J65: 800 | K65: Transliteration Performance Latency Alert | L65: Active | M65: Specific Tenant | N65: Tenant A | O65: Email | P65: Tenant Admin
A66: TC_Alerts_DV_63 | B66: Transliteration | C66: Application | D66: Availability | E66: Error Rate | F66: Error Rate % | G66: % | H66: Warning | I66: > | J66: 5 | K66: Transliteration Availability Error Rate Alert | L66: Active | M66: Global | N66: — | O66: Email | P66: Admin
A67: TC_Alerts_DV_64 | B67: Transliteration | C67: Application | D67: Availability | E67: Error Rate | F67: Error Rate % | G67: % | H67: Warning | I67: > | J67: 5 | K67: Transliteration Availability Error Rate Alert | L67: Active | M67: Specific Tenant | N67: Tenant A | O67: Email | P67: Tenant Admin | Q67: Yes | S67: Sanity
A68: TC_Alerts_DV_65 | B68: Transliteration | C68: Infrastructure | D68: Compute | E68: CPU Utilization | F68: CPU Usage | G68: % | H68: Critical | I68: > | J68: 85 | K68: Transliteration Compute CPU Utilization Alert | L68: Active | M68: Global | N68: — | O68: Email | P68: Admin
A69: TC_Alerts_DV_66 | B69: Transliteration | C69: Infrastructure | D69: Compute | E69: CPU Utilization | F69: CPU Usage | G69: % | H69: Critical | I69: > | J69: 85 | K69: Transliteration Compute CPU Utilization Alert | L69: Active | M69: Specific Tenant | N69: Tenant A | O69: Email | P69: Tenant Admin
A70: TC_Alerts_DV_67 | B70: Transliteration | C70: Infrastructure | D70: Compute | E70: Memory Utilization | F70: Memory Usage | G70: % | H70: Warning | I70: > | J70: 80 | K70: Transliteration Compute Memory Utilization Alert | L70: Active | M70: Global | N70: — | O70: Email | P70: Admin
A71: TC_Alerts_DV_68 | B71: Transliteration | C71: Infrastructure | D71: Compute | E71: Memory Utilization | F71: Memory Usage | G71: % | H71: Warning | I71: > | J71: 80 | K71: Transliteration Compute Memory Utilization Alert | L71: Active | M71: Specific Tenant | N71: Tenant A | O71: Email | P71: Tenant Admin
A72: TC_Alerts_DV_69 | B72: Transliteration | C72: Infrastructure | D72: Storage | E72: Disk Utilization | F72: Disk Usage | G72: % | H72: Warning | I72: > | J72: 75 | K72: Transliteration Storage Disk Utilization Alert | L72: Active | M72: Global | N72: — | O72: Email | P72: Admin
A73: TC_Alerts_DV_70 | B73: Transliteration | C73: Infrastructure | D73: Storage | E73: Disk Utilization | F73: Disk Usage | G73: % | H73: Warning | I73: > | J73: 75 | K73: Transliteration Storage Disk Utilization Alert | L73: Active | M73: Specific Tenant | N73: Tenant A | O73: Email | P73: Tenant Admin
A74: TC_Alerts_DV_71 | B74: Language Detection | C74: Application | D74: Performance | E74: Latency | F74: Latency P95 | G74: ms | H74: Critical | I74: > | J74: 800 | K74: Language Detection Performance Latency Alert | L74: Active | M74: Global | N74: — | O74: Email | P74: Admin
A75: TC_Alerts_DV_72 | B75: Language Detection | C75: Application | D75: Performance | E75: Latency | F75: Latency P95 | G75: ms | H75: Critical | I75: > | J75: 800 | K75: Language Detection Performance Latency Alert | L75: Active | M75: Specific Tenant | N75: Tenant A | O75: Email | P75: Tenant Admin
A76: TC_Alerts_DV_73 | B76: Language Detection | C76: Application | D76: Availability | E76: Error Rate | F76: Error Rate % | G76: % | H76: Warning | I76: > | J76: 5 | K76: Language Detection Availability Error Rate Alert | L76: Active | M76: Global | N76: — | O76: Email | P76: Admin
A77: TC_Alerts_DV_74 | B77: Language Detection | C77: Application | D77: Availability | E77: Error Rate | F77: Error Rate % | G77: % | H77: Warning | I77: > | J77: 5 | K77: Language Detection Availability Error Rate Alert | L77: Active | M77: Specific Tenant | N77: Tenant A | O77: Email | P77: Tenant Admin | Q77: Yes | S77: Sanity
A78: TC_Alerts_DV_75 | B78: Language Detection | C78: Infrastructure | D78: Compute | E78: CPU Utilization | F78: CPU Usage | G78: % | H78: Critical | I78: > | J78: 85 | K78: Language Detection Compute CPU Utilization Alert | L78: Active | M78: Global | N78: — | O78: Email | P78: Admin
A79: TC_Alerts_DV_76 | B79: Language Detection | C79: Infrastructure | D79: Compute | E79: CPU Utilization | F79: CPU Usage | G79: % | H79: Critical | I79: > | J79: 85 | K79: Language Detection Compute CPU Utilization Alert | L79: Active | M79: Specific Tenant | N79: Tenant A | O79: Email | P79: Tenant Admin
A80: TC_Alerts_DV_77 | B80: Language Detection | C80: Infrastructure | D80: Compute | E80: Memory Utilization | F80: Memory Usage | G80: % | H80: Warning | I80: > | J80: 80 | K80: Language Detection Compute Memory Utilization Alert | L80: Active | M80: Global | N80: — | O80: Email | P80: Admin
A81: TC_Alerts_DV_78 | B81: Language Detection | C81: Infrastructure | D81: Compute | E81: Memory Utilization | F81: Memory Usage | G81: % | H81: Warning | I81: > | J81: 80 | K81: Language Detection Compute Memory Utilization Alert | L81: Active | M81: Specific Tenant | N81: Tenant A | O81: Email | P81: Tenant Admin
A82: TC_Alerts_DV_79 | B82: Language Detection | C82: Infrastructure | D82: Storage | E82: Disk Utilization | F82: Disk Usage | G82: % | H82: Warning | I82: > | J82: 75 | K82: Language Detection Storage Disk Utilization Alert | L82: Active | M82: Global | N82: — | O82: Email | P82: Admin
A83: TC_Alerts_DV_80 | B83: Language Detection | C83: Infrastructure | D83: Storage | E83: Disk Utilization | F83: Disk Usage | G83: % | H83: Warning | I83: > | J83: 75 | K83: Language Detection Storage Disk Utilization Alert | L83: Active | M83: Specific Tenant | N83: Tenant A | O83: Email | P83: Tenant Admin
A84: TC_Alerts_DV_81 | B84: Speaker Diarization | C84: Application | D84: Performance | E84: Latency | F84: Latency P95 | G84: ms | H84: Critical | I84: > | J84: 800 | K84: Speaker Diarization Performance Latency Alert | L84: Active | M84: Global | N84: — | O84: Email | P84: Admin
A85: TC_Alerts_DV_82 | B85: Speaker Diarization | C85: Application | D85: Performance | E85: Latency | F85: Latency P95 | G85: ms | H85: Critical | I85: > | J85: 800 | K85: Speaker Diarization Performance Latency Alert | L85: Active | M85: Specific Tenant | N85: Tenant A | O85: Email | P85: Tenant Admin
A86: TC_Alerts_DV_83 | B86: Speaker Diarization | C86: Application | D86: Availability | E86: Error Rate | F86: Error Rate % | G86: % | H86: Warning | I86: > | J86: 5 | K86: Speaker Diarization Availability Error Rate Alert | L86: Active | M86: Global | N86: — | O86: Email | P86: Admin
A87: TC_Alerts_DV_84 | B87: Speaker Diarization | C87: Application | D87: Availability | E87: Error Rate | F87: Error Rate % | G87: % | H87: Warning | I87: > | J87: 5 | K87: Speaker Diarization Availability Error Rate Alert | L87: Active | M87: Specific Tenant | N87: Tenant A | O87: Email | P87: Tenant Admin | Q87: Yes | S87: Sanity
A88: TC_Alerts_DV_85 | B88: Speaker Diarization | C88: Infrastructure | D88: Compute | E88: CPU Utilization | F88: CPU Usage | G88: % | H88: Critical | I88: > | J88: 85 | K88: Speaker Diarization Compute CPU Utilization Alert | L88: Active | M88: Global | N88: — | O88: Email | P88: Admin
A89: TC_Alerts_DV_86 | B89: Speaker Diarization | C89: Infrastructure | D89: Compute | E89: CPU Utilization | F89: CPU Usage | G89: % | H89: Critical | I89: > | J89: 85 | K89: Speaker Diarization Compute CPU Utilization Alert | L89: Active | M89: Specific Tenant | N89: Tenant A | O89: Email | P89: Tenant Admin
A90: TC_Alerts_DV_87 | B90: Speaker Diarization | C90: Infrastructure | D90: Compute | E90: Memory Utilization | F90: Memory Usage | G90: % | H90: Warning | I90: > | J90: 80 | K90: Speaker Diarization Compute Memory Utilization Alert | L90: Active | M90: Global | N90: — | O90: Email | P90: Admin
A91: TC_Alerts_DV_88 | B91: Speaker Diarization | C91: Infrastructure | D91: Compute | E91: Memory Utilization | F91: Memory Usage | G91: % | H91: Warning | I91: > | J91: 80 | K91: Speaker Diarization Compute Memory Utilization Alert | L91: Active | M91: Specific Tenant | N91: Tenant A | O91: Email | P91: Tenant Admin
A92: TC_Alerts_DV_89 | B92: Speaker Diarization | C92: Infrastructure | D92: Storage | E92: Disk Utilization | F92: Disk Usage | G92: % | H92: Warning | I92: > | J92: 75 | K92: Speaker Diarization Storage Disk Utilization Alert | L92: Active | M92: Global | N92: — | O92: Email | P92: Admin
A93: TC_Alerts_DV_90 | B93: Speaker Diarization | C93: Infrastructure | D93: Storage | E93: Disk Utilization | F93: Disk Usage | G93: % | H93: Warning | I93: > | J93: 75 | K93: Speaker Diarization Storage Disk Utilization Alert | L93: Active | M93: Specific Tenant | N93: Tenant A | O93: Email | P93: Tenant Admin
A94: TC_Alerts_DV_91 | B94: Language Diarization | C94: Application | D94: Performance | E94: Latency | F94: Latency P95 | G94: ms | H94: Critical | I94: > | J94: 800 | K94: Language Diarization Performance Latency Alert | L94: Active | M94: Global | N94: — | O94: Email | P94: Admin
A95: TC_Alerts_DV_92 | B95: Language Diarization | C95: Application | D95: Performance | E95: Latency | F95: Latency P95 | G95: ms | H95: Critical | I95: > | J95: 800 | K95: Language Diarization Performance Latency Alert | L95: Active | M95: Specific Tenant | N95: Tenant A | O95: Email | P95: Tenant Admin
A96: TC_Alerts_DV_93 | B96: Language Diarization | C96: Application | D96: Availability | E96: Error Rate | F96: Error Rate % | G96: % | H96: Warning | I96: > | J96: 5 | K96: Language Diarization Availability Error Rate Alert | L96: Active | M96: Global | N96: — | O96: Email | P96: Admin
A97: TC_Alerts_DV_94 | B97: Language Diarization | C97: Application | D97: Availability | E97: Error Rate | F97: Error Rate % | G97: % | H97: Warning | I97: > | J97: 5 | K97: Language Diarization Availability Error Rate Alert | L97: Active | M97: Specific Tenant | N97: Tenant A | O97: Email | P97: Tenant Admin | Q97: Yes | S97: Sanity
A98: TC_Alerts_DV_95 | B98: Language Diarization | C98: Infrastructure | D98: Compute | E98: CPU Utilization | F98: CPU Usage | G98: % | H98: Critical | I98: > | J98: 85 | K98: Language Diarization Compute CPU Utilization Alert | L98: Active | M98: Global | N98: — | O98: Email | P98: Admin
A99: TC_Alerts_DV_96 | B99: Language Diarization | C99: Infrastructure | D99: Compute | E99: CPU Utilization | F99: CPU Usage | G99: % | H99: Critical | I99: > | J99: 85 | K99: Language Diarization Compute CPU Utilization Alert | L99: Active | M99: Specific Tenant | N99: Tenant A | O99: Email | P99: Tenant Admin
A100: TC_Alerts_DV_97 | B100: Language Diarization | C100: Infrastructure | D100: Compute | E100: Memory Utilization | F100: Memory Usage | G100: % | H100: Warning | I100: > | J100: 80 | K100: Language Diarization Compute Memory Utilization Alert | L100: Active | M100: Global | N100: — | O100: Email | P100: Admin
...

Sheet Rough Observation
A1: 1069 | B1: Telemetry
